id,year,status
CA0110010,2020,downloaded
CA0110010,2021,downloaded
CA0110010,2022,downloaded
CA0110010,2023,downloaded
CA0110018,2020,missing
CA0110018,2021,missing
CA0110018,2022,missing
CA0110018,2023,missing
CA0110650,2020,downloaded
CA0110650,2021,downloaded
CA0110650,2022,downloaded
CA0110650,2023,downloaded
CA0110701,2020,downloaded
CA0110701,2021,downloaded
CA0110701,2022,downloaded
CA0110701,2023,downloaded
CA0205425,2020,downloaded
CA0205425,2021,missing
CA0205425,2022,missing
CA0205425,2023,missing
CA0300055,2020,missing
CA0300055,2021,missing
CA0300055,2022,missing
CA0300055,2023,missing
CA0300073,2020,downloaded
CA0300073,2021,downloaded
CA0300073,2022,downloaded
CA0300073,2023,downloaded
CA0400065,2020,missing
CA0400065,2021,missing
CA0400065,2022,downloaded
CA0400065,2023,downloaded
CA0400140,2020,missing
CA0400140,2021,missing
CA0400140,2022,missing
CA0400140,2023,missing
CA0400158,2020,downloaded
CA0400158,2021,missing
CA0400158,2022,downloaded
CA0400158,2023,downloaded
CA0409177,2020,downloaded
CA0409177,2021,downloaded
CA0409177,2022,downloaded
CA0409177,2023,missing
CA0409187,2020,missing
CA0409187,2021,missing
CA0409187,2022,downloaded
CA0409187,2023,missing
CA0409188,2020,missing
CA0409188,2021,missing
CA0409188,2022,missing
CA0409188,2023,downloaded
CA0409189,2020,missing
CA0409189,2021,missing
CA0409189,2022,missing
CA0409189,2023,missing
CA0409194,2020,downloaded
CA0409194,2021,downloaded
CA0409194,2022,downloaded
CA0409194,2023,missing
CA0409197,2020,downloaded
CA0409197,2021,downloaded
CA0409197,2022,downloaded
CA0409197,2023,downloaded
CA0500009,2020,missing
CA0500009,2021,missing
CA0500009,2022,missing
CA0500009,2023,missing
CA0500039,2020,missing
CA0500039,2021,downloaded
CA0500039,2022,downloaded
CA0500039,2023,downloaded
CA0500053,2020,downloaded
CA0500053,2021,downloaded
CA0500053,2022,downloaded
CA0500053,2023,downloaded
CA0500097,2020,missing
CA0500097,2021,missing
CA0500097,2022,missing
CA0500097,2023,missing
CA0706050,2020,missing
CA0706050,2021,missing
CA0706050,2022,missing
CA0706050,2023,missing
CA0710010,2020,downloaded
CA0710010,2021,downloaded
CA0710010,2022,downloaded
CA0710010,2023,downloaded
CA0710011,2020,downloaded
CA0710011,2021,downloaded
CA0710011,2022,downloaded
CA0710011,2023,downloaded
CA0900649,2020,downloaded
CA0900649,2021,downloaded
CA0900649,2022,downloaded
CA0900649,2023,downloaded
CA0900659,2020,downloaded
CA0900659,2021,downloaded
CA0900659,2022,downloaded
CA0900659,2023,downloaded
CA0900660,2020,missing
CA0900660,2021,downloaded
CA0900660,2022,downloaded
CA0900660,2023,downloaded
CA1000643,2020,downloaded
CA1000643,2021,downloaded
CA1000643,2022,downloaded
CA1000643,2023,downloaded
CA1000645,2020,downloaded
CA1000645,2021,downloaded
CA1000645,2022,downloaded
CA1000645,2023,downloaded
CA1000663,2020,missing
CA1000663,2021,downloaded
CA1000663,2022,downloaded
CA1000663,2023,downloaded
CA1000673,2020,missing
CA1000673,2021,missing
CA1000673,2022,missing
CA1000673,2023,missing
CA1100101,2020,missing
CA1100101,2021,downloaded
CA1100101,2022,downloaded
CA1100101,2023,downloaded
CA1100104,2020,missing
CA1100104,2021,downloaded
CA1100104,2022,downloaded
CA1100104,2023,missing
CA1100232,2020,missing
CA1100232,2021,missing
CA1100232,2022,downloaded
CA1100232,2023,downloaded
CA1100440,2020,missing
CA1100440,2021,missing
CA1100440,2022,downloaded
CA1100440,2023,downloaded
CA1100448,2020,missing
CA1100448,2021,missing
CA1100448,2022,missing
CA1100448,2023,downloaded
CA1100527,2020,missing
CA1100527,2021,missing
CA1100527,2022,downloaded
CA1100527,2023,downloaded
CA1100749,2020,missing
CA1100749,2021,missing
CA1100749,2022,missing
CA1100749,2023,missing
CA1105003,2020,downloaded
CA1105003,2021,missing
CA1105003,2022,downloaded
CA1105003,2023,downloaded
CA1105005,2020,missing
CA1105005,2021,downloaded
CA1105005,2022,downloaded
CA1105005,2023,downloaded
CA1105006,2020,missing
CA1105006,2021,missing
CA1105006,2022,downloaded
CA1105006,2023,downloaded
CA1110800,2020,downloaded
CA1110800,2021,downloaded
CA1110800,2022,downloaded
CA1110800,2023,downloaded
CA1206016,2020,missing
CA1206016,2021,downloaded
CA1206016,2022,downloaded
CA1206016,2023,downloaded
CA1300642,2020,downloaded
CA1300642,2021,downloaded
CA1300642,2022,downloaded
CA1300642,2023,downloaded
CA1300653,2020,missing
CA1300653,2021,missing
CA1300653,2022,downloaded
CA1300653,2023,downloaded
CA1300676,2020,missing
CA1300676,2021,downloaded
CA1300676,2022,downloaded
CA1300676,2023,downloaded
CA1300679,2020,missing
CA1300679,2021,missing
CA1300679,2022,downloaded
CA1300679,2023,downloaded
CA1300685,2020,missing
CA1300685,2021,missing
CA1300685,2022,downloaded
CA1300685,2023,downloaded
CA1300693,2020,missing
CA1300693,2021,missing
CA1300693,2022,missing
CA1300693,2023,downloaded
CA1310016,2020,downloaded
CA1310016,2021,downloaded
CA1310016,2022,missing
CA1310016,2023,downloaded
CA1310019,2020,downloaded
CA1310019,2021,downloaded
CA1310019,2022,missing
CA1310019,2023,downloaded
CA1410002,2020,missing
CA1410002,2021,missing
CA1410002,2022,missing
CA1410002,2023,missing
CA1410003,2020,missing
CA1410003,2021,missing
CA1410003,2022,missing
CA1410003,2023,missing
CA1410004,2020,missing
CA1410004,2021,missing
CA1410004,2022,missing
CA1410004,2023,missing
CA1410510,2020,missing
CA1410510,2021,missing
CA1410510,2022,missing
CA1410510,2023,missing
CA1500517,2020,downloaded
CA1500517,2021,downloaded
CA1500517,2022,downloaded
CA1500517,2023,downloaded
CA1502221,2020,downloaded
CA1502221,2021,downloaded
CA1502221,2022,downloaded
CA1502221,2023,downloaded
CA1502229,2020,downloaded
CA1502229,2021,downloaded
CA1502229,2022,downloaded
CA1502229,2023,downloaded
CA1502231,2020,downloaded
CA1502231,2021,downloaded
CA1502231,2022,downloaded
CA1502231,2023,downloaded
CA1502561,2020,downloaded
CA1502561,2021,downloaded
CA1502561,2022,downloaded
CA1502561,2023,downloaded
CA1502580,2020,downloaded
CA1502580,2021,downloaded
CA1502580,2022,downloaded
CA1502580,2023,downloaded
CA1502581,2020,downloaded
CA1502581,2021,downloaded
CA1502581,2022,downloaded
CA1502581,2023,downloaded
CA1502615,2020,downloaded
CA1502615,2021,downloaded
CA1502615,2022,downloaded
CA1502615,2023,missing
CA1502691,2020,downloaded
CA1502691,2021,downloaded
CA1502691,2022,downloaded
CA1502691,2023,downloaded
CA1502697,2020,downloaded
CA1502697,2021,downloaded
CA1502697,2022,downloaded
CA1502697,2023,downloaded
CA1502759,2020,downloaded
CA1502759,2021,downloaded
CA1502759,2022,downloaded
CA1502759,2023,downloaded
CA1502763,2020,downloaded
CA1502763,2021,downloaded
CA1502763,2022,downloaded
CA1502763,2023,downloaded
CA1502771,2020,downloaded
CA1502771,2021,downloaded
CA1502771,2022,downloaded
CA1502771,2023,downloaded
CA1502820,2020,downloaded
CA1502820,2021,downloaded
CA1502820,2022,downloaded
CA1502820,2023,downloaded
CA1503104,2020,downloaded
CA1503104,2021,downloaded
CA1503104,2022,downloaded
CA1503104,2023,downloaded
CA1503194,2020,downloaded
CA1503194,2021,downloaded
CA1503194,2022,downloaded
CA1503194,2023,downloaded
CA1503209,2020,downloaded
CA1503209,2021,downloaded
CA1503209,2022,downloaded
CA1503209,2023,downloaded
CA1503275,2020,downloaded
CA1503275,2021,downloaded
CA1503275,2022,downloaded
CA1503275,2023,downloaded
CA1503330,2020,downloaded
CA1503330,2021,downloaded
CA1503330,2022,downloaded
CA1503330,2023,downloaded
CA1503336,2020,downloaded
CA1503336,2021,downloaded
CA1503336,2022,downloaded
CA1503336,2023,missing
CA1503374,2020,downloaded
CA1503374,2021,downloaded
CA1503374,2022,downloaded
CA1503374,2023,downloaded
CA1503440,2020,downloaded
CA1503440,2021,downloaded
CA1503440,2022,downloaded
CA1503440,2023,downloaded
CA1503521,2020,downloaded
CA1503521,2021,downloaded
CA1503521,2022,downloaded
CA1503521,2023,downloaded
CA1503543,2020,downloaded
CA1503543,2021,downloaded
CA1503543,2022,downloaded
CA1503543,2023,downloaded
CA1503642,2020,downloaded
CA1503642,2021,downloaded
CA1503642,2022,downloaded
CA1503642,2023,downloaded
CA1503652,2020,missing
CA1503652,2021,missing
CA1503652,2022,missing
CA1503652,2023,downloaded
CA1503653,2020,downloaded
CA1503653,2021,downloaded
CA1503653,2022,downloaded
CA1503653,2023,downloaded
CA1503663,2020,downloaded
CA1503663,2021,downloaded
CA1503663,2022,downloaded
CA1503663,2023,downloaded
CA1503666,2020,downloaded
CA1503666,2021,downloaded
CA1503666,2022,downloaded
CA1503666,2023,downloaded
CA1503671,2020,downloaded
CA1503671,2021,downloaded
CA1503671,2022,downloaded
CA1503671,2023,downloaded
CA1503681,2020,downloaded
CA1503681,2021,downloaded
CA1503681,2022,downloaded
CA1503681,2023,downloaded
CA1503686,2020,downloaded
CA1503686,2021,downloaded
CA1503686,2022,downloaded
CA1503686,2023,downloaded
CA1504000,2020,downloaded
CA1504000,2021,downloaded
CA1504000,2022,downloaded
CA1504000,2023,downloaded
CA1504001,2020,downloaded
CA1504001,2021,downloaded
CA1504001,2022,downloaded
CA1504001,2023,downloaded
CA1504003,2020,downloaded
CA1504003,2021,downloaded
CA1504003,2022,downloaded
CA1504003,2023,downloaded
CA1504005,2020,downloaded
CA1504005,2021,downloaded
CA1504005,2022,downloaded
CA1504005,2023,downloaded
CA1504006,2020,downloaded
CA1504006,2021,downloaded
CA1504006,2022,downloaded
CA1504006,2023,downloaded
CA1504007,2020,downloaded
CA1504007,2021,downloaded
CA1504007,2022,downloaded
CA1504007,2023,downloaded
CA1504008,2020,downloaded
CA1504008,2021,downloaded
CA1504008,2022,downloaded
CA1504008,2023,downloaded
CA1504012,2020,missing
CA1504012,2021,missing
CA1504012,2022,missing
CA1504012,2023,missing
CA1510040,2020,downloaded
CA1510040,2021,downloaded
CA1510040,2022,downloaded
CA1510040,2023,downloaded
CA1510053,2020,downloaded
CA1510053,2021,downloaded
CA1510053,2022,downloaded
CA1510053,2023,downloaded
CA1600009,2020,downloaded
CA1600009,2021,downloaded
CA1600009,2022,downloaded
CA1600009,2023,downloaded
CA1600011,2020,downloaded
CA1600011,2021,downloaded
CA1600011,2022,downloaded
CA1600011,2023,downloaded
CA1600013,2020,downloaded
CA1600013,2021,downloaded
CA1600013,2022,downloaded
CA1600013,2023,downloaded
CA1600015,2020,downloaded
CA1600015,2021,downloaded
CA1600015,2022,downloaded
CA1600015,2023,downloaded
CA1600022,2020,downloaded
CA1600022,2021,downloaded
CA1600022,2022,downloaded
CA1600022,2023,downloaded
CA1600050,2020,downloaded
CA1600050,2021,downloaded
CA1600050,2022,downloaded
CA1600050,2023,downloaded
CA1600303,2020,downloaded
CA1600303,2021,downloaded
CA1600303,2022,downloaded
CA1600303,2023,downloaded
CA1600602,2020,downloaded
CA1600602,2021,downloaded
CA1600602,2022,downloaded
CA1600602,2023,downloaded
CA1600605,2020,downloaded
CA1600605,2021,downloaded
CA1600605,2022,downloaded
CA1600605,2023,downloaded
CA1600609,2020,downloaded
CA1600609,2021,downloaded
CA1600609,2022,downloaded
CA1600609,2023,downloaded
CA1805011,2020,missing
CA1805011,2021,missing
CA1805011,2022,missing
CA1805011,2023,missing
CA1900018,2020,downloaded
CA1900018,2021,downloaded
CA1900018,2022,downloaded
CA1900018,2023,downloaded
CA1900035,2020,downloaded
CA1900035,2021,downloaded
CA1900035,2022,downloaded
CA1900035,2023,downloaded
CA1900040,2020,missing
CA1900040,2021,downloaded
CA1900040,2022,downloaded
CA1900040,2023,downloaded
CA1900057,2020,missing
CA1900057,2021,downloaded
CA1900057,2022,downloaded
CA1900057,2023,downloaded
CA1900089,2020,downloaded
CA1900089,2021,downloaded
CA1900089,2022,downloaded
CA1900089,2023,downloaded
CA1900679,2020,downloaded
CA1900679,2021,downloaded
CA1900679,2022,downloaded
CA1900679,2023,downloaded
CA1900707,2020,missing
CA1900707,2021,downloaded
CA1900707,2022,downloaded
CA1900707,2023,downloaded
CA1900750,2020,downloaded
CA1900750,2021,downloaded
CA1900750,2022,downloaded
CA1900750,2023,downloaded
CA1900751,2020,downloaded
CA1900751,2021,downloaded
CA1900751,2022,downloaded
CA1900751,2023,downloaded
CA1900752,2020,downloaded
CA1900752,2021,downloaded
CA1900752,2022,downloaded
CA1900752,2023,downloaded
CA1900764,2020,downloaded
CA1900764,2021,downloaded
CA1900764,2022,downloaded
CA1900764,2023,downloaded
CA1900886,2020,downloaded
CA1900886,2021,downloaded
CA1900886,2022,downloaded
CA1900886,2023,downloaded
CA1900904,2020,downloaded
CA1900904,2021,downloaded
CA1900904,2022,downloaded
CA1900904,2023,downloaded
CA1900929,2020,downloaded
CA1900929,2021,downloaded
CA1900929,2022,downloaded
CA1900929,2023,downloaded
CA1901000,2020,missing
CA1901000,2021,downloaded
CA1901000,2022,downloaded
CA1901000,2023,downloaded
CA1907011,2020,downloaded
CA1907011,2021,downloaded
CA1907011,2022,downloaded
CA1907011,2023,downloaded
CA1909627,2020,downloaded
CA1909627,2021,downloaded
CA1909627,2022,downloaded
CA1909627,2023,downloaded
CA1909648,2020,missing
CA1909648,2021,missing
CA1909648,2022,missing
CA1909648,2023,missing
CA1910032,2020,downloaded
CA1910032,2021,downloaded
CA1910032,2022,downloaded
CA1910032,2023,downloaded
CA1910041,2020,downloaded
CA1910041,2021,downloaded
CA1910041,2022,downloaded
CA1910041,2023,downloaded
CA1910045,2020,downloaded
CA1910045,2021,downloaded
CA1910045,2022,downloaded
CA1910045,2023,downloaded
CA1910087,2020,missing
CA1910087,2021,missing
CA1910087,2022,missing
CA1910087,2023,missing
CA1910128,2020,downloaded
CA1910128,2021,downloaded
CA1910128,2022,downloaded
CA1910128,2023,missing
CA1910199,2020,downloaded
CA1910199,2021,downloaded
CA1910199,2022,downloaded
CA1910199,2023,missing
CA1910443,2020,downloaded
CA1910443,2021,downloaded
CA1910443,2022,downloaded
CA1910443,2023,downloaded
CA2000202,2020,downloaded
CA2000202,2021,downloaded
CA2000202,2022,downloaded
CA2000202,2023,downloaded
CA2000206,2020,downloaded
CA2000206,2021,downloaded
CA2000206,2022,downloaded
CA2000206,2023,downloaded
CA2000275,2020,downloaded
CA2000275,2021,downloaded
CA2000275,2022,downloaded
CA2000275,2023,downloaded
CA2000352,2020,downloaded
CA2000352,2021,downloaded
CA2000352,2022,downloaded
CA2000352,2023,downloaded
CA2000370,2020,downloaded
CA2000370,2021,downloaded
CA2000370,2022,downloaded
CA2000370,2023,downloaded
CA2000384,2020,missing
CA2000384,2021,downloaded
CA2000384,2022,missing
CA2000384,2023,downloaded
CA2000507,2020,downloaded
CA2000507,2021,downloaded
CA2000507,2022,downloaded
CA2000507,2023,downloaded
CA2000558,2020,downloaded
CA2000558,2021,downloaded
CA2000558,2022,downloaded
CA2000558,2023,downloaded
CA2000597,2020,downloaded
CA2000597,2021,downloaded
CA2000597,2022,downloaded
CA2000597,2023,downloaded
CA2000598,2020,downloaded
CA2000598,2021,downloaded
CA2000598,2022,downloaded
CA2000598,2023,downloaded
CA2000600,2020,missing
CA2000600,2021,missing
CA2000600,2022,downloaded
CA2000600,2023,downloaded
CA2000601,2020,missing
CA2000601,2021,missing
CA2000601,2022,downloaded
CA2000601,2023,downloaded
CA2000602,2020,missing
CA2000602,2021,missing
CA2000602,2022,downloaded
CA2000602,2023,downloaded
CA2000607,2020,downloaded
CA2000607,2021,downloaded
CA2000607,2022,downloaded
CA2000607,2023,downloaded
CA2000611,2020,downloaded
CA2000611,2021,downloaded
CA2000611,2022,downloaded
CA2000611,2023,downloaded
CA2000616,2020,downloaded
CA2000616,2021,downloaded
CA2000616,2022,downloaded
CA2000616,2023,downloaded
CA2000619,2020,downloaded
CA2000619,2021,missing
CA2000619,2022,downloaded
CA2000619,2023,downloaded
CA2000641,2020,downloaded
CA2000641,2021,downloaded
CA2000641,2022,downloaded
CA2000641,2023,downloaded
CA2000655,2020,downloaded
CA2000655,2021,downloaded
CA2000655,2022,downloaded
CA2000655,2023,missing
CA2000659,2020,downloaded
CA2000659,2021,downloaded
CA2000659,2022,downloaded
CA2000659,2023,missing
CA2000660,2020,downloaded
CA2000660,2021,downloaded
CA2000660,2022,downloaded
CA2000660,2023,downloaded
CA2000672,2020,downloaded
CA2000672,2021,downloaded
CA2000672,2022,downloaded
CA2000672,2023,downloaded
CA2000681,2020,downloaded
CA2000681,2021,missing
CA2000681,2022,downloaded
CA2000681,2023,downloaded
CA2000682,2020,downloaded
CA2000682,2021,downloaded
CA2000682,2022,downloaded
CA2000682,2023,downloaded
CA2000695,2020,downloaded
CA2000695,2021,downloaded
CA2000695,2022,downloaded
CA2000695,2023,downloaded
CA2000733,2020,downloaded
CA2000733,2021,missing
CA2000733,2022,missing
CA2000733,2023,downloaded
CA2000760,2020,missing
CA2000760,2021,missing
CA2000760,2022,downloaded
CA2000760,2023,downloaded
CA2000794,2020,downloaded
CA2000794,2021,downloaded
CA2000794,2022,downloaded
CA2000794,2023,downloaded
CA2000840,2020,missing
CA2000840,2021,downloaded
CA2000840,2022,downloaded
CA2000840,2023,downloaded
CA2000843,2020,downloaded
CA2000843,2021,downloaded
CA2000843,2022,downloaded
CA2000843,2023,downloaded
CA2000844,2020,downloaded
CA2000844,2021,downloaded
CA2000844,2022,downloaded
CA2000844,2023,downloaded
CA2000846,2020,downloaded
CA2000846,2021,downloaded
CA2000846,2022,downloaded
CA2000846,2023,downloaded
CA2000848,2020,downloaded
CA2000848,2021,downloaded
CA2000848,2022,downloaded
CA2000848,2023,downloaded
CA2000855,2020,downloaded
CA2000855,2021,downloaded
CA2000855,2022,downloaded
CA2000855,2023,downloaded
CA2000920,2020,downloaded
CA2000920,2021,downloaded
CA2000920,2022,downloaded
CA2000920,2023,downloaded
CA2000947,2020,downloaded
CA2000947,2021,downloaded
CA2000947,2022,downloaded
CA2000947,2023,downloaded
CA2000951,2020,missing
CA2000951,2021,missing
CA2000951,2022,missing
CA2000951,2023,downloaded
CA2000953,2020,downloaded
CA2000953,2021,downloaded
CA2000953,2022,downloaded
CA2000953,2023,downloaded
CA2000955,2020,downloaded
CA2000955,2021,missing
CA2000955,2022,missing
CA2000955,2023,downloaded
CA2000956,2020,missing
CA2000956,2021,missing
CA2000956,2022,missing
CA2000956,2023,downloaded
CA2000961,2020,downloaded
CA2000961,2021,downloaded
CA2000961,2022,downloaded
CA2000961,2023,downloaded
CA2204054,2020,downloaded
CA2204054,2021,downloaded
CA2204054,2022,downloaded
CA2204054,2023,downloaded
CA2210908,2020,downloaded
CA2210908,2021,downloaded
CA2210908,2022,downloaded
CA2210908,2023,downloaded
CA2210937,2020,downloaded
CA2210937,2021,downloaded
CA2210937,2022,downloaded
CA2210937,2023,downloaded
CA2300541,2020,downloaded
CA2300541,2021,missing
CA2300541,2022,downloaded
CA2300541,2023,downloaded
CA2300617,2020,downloaded
CA2300617,2021,missing
CA2300617,2022,missing
CA2300617,2023,missing
CA2300628,2020,downloaded
CA2300628,2021,missing
CA2300628,2022,missing
CA2300628,2023,missing
CA2300755,2020,missing
CA2300755,2021,downloaded
CA2300755,2022,downloaded
CA2300755,2023,downloaded
CA2300764,2020,downloaded
CA2300764,2021,downloaded
CA2300764,2022,downloaded
CA2300764,2023,downloaded
CA2300770,2020,downloaded
CA2300770,2021,downloaded
CA2300770,2022,downloaded
CA2300770,2023,downloaded
CA2300847,2020,missing
CA2300847,2021,missing
CA2300847,2022,missing
CA2300847,2023,downloaded
CA2300907,2020,missing
CA2300907,2021,missing
CA2300907,2022,missing
CA2300907,2023,missing
CA2301010,2020,missing
CA2301010,2021,missing
CA2301010,2022,missing
CA2301010,2023,missing
CA2400051,2020,downloaded
CA2400051,2021,downloaded
CA2400051,2022,downloaded
CA2400051,2023,downloaded
CA2400076,2020,missing
CA2400076,2021,missing
CA2400076,2022,missing
CA2400076,2023,missing
CA2400175,2020,downloaded
CA2400175,2021,downloaded
CA2400175,2022,downloaded
CA2400175,2023,downloaded
CA2400196,2020,downloaded
CA2400196,2021,downloaded
CA2400196,2022,downloaded
CA2400196,2023,downloaded
CA2400206,2020,downloaded
CA2400206,2021,downloaded
CA2400206,2022,downloaded
CA2400206,2023,downloaded
CA2400345,2020,downloaded
CA2400345,2021,downloaded
CA2400345,2022,downloaded
CA2400345,2023,downloaded
CA2400347,2020,downloaded
CA2400347,2021,downloaded
CA2400347,2022,downloaded
CA2400347,2023,downloaded
CA2400348,2020,downloaded
CA2400348,2021,downloaded
CA2400348,2022,downloaded
CA2400348,2023,downloaded
CA2410950,2020,downloaded
CA2410950,2021,downloaded
CA2410950,2022,downloaded
CA2410950,2023,downloaded
CA2500513,2020,missing
CA2500513,2021,missing
CA2500513,2022,missing
CA2500513,2023,missing
CA2600568,2020,downloaded
CA2600568,2021,downloaded
CA2600568,2022,missing
CA2600568,2023,downloaded
CA2600570,2020,downloaded
CA2600570,2021,downloaded
CA2600570,2022,missing
CA2600570,2023,downloaded
CA2700014,2020,downloaded
CA2700014,2021,downloaded
CA2700014,2022,downloaded
CA2700014,2023,downloaded
CA2700032,2020,downloaded
CA2700032,2021,downloaded
CA2700032,2022,downloaded
CA2700032,2023,downloaded
CA2700101,2020,downloaded
CA2700101,2021,downloaded
CA2700101,2022,downloaded
CA2700101,2023,downloaded
CA2700147,2020,downloaded
CA2700147,2021,downloaded
CA2700147,2022,downloaded
CA2700147,2023,downloaded
CA2700156,2020,downloaded
CA2700156,2021,downloaded
CA2700156,2022,downloaded
CA2700156,2023,downloaded
CA2700552,2020,downloaded
CA2700552,2021,downloaded
CA2700552,2022,downloaded
CA2700552,2023,downloaded
CA2700727,2020,missing
CA2700727,2021,downloaded
CA2700727,2022,downloaded
CA2700727,2023,downloaded
CA2700850,2020,downloaded
CA2700850,2021,downloaded
CA2700850,2022,downloaded
CA2700850,2023,downloaded
CA2701152,2020,downloaded
CA2701152,2021,downloaded
CA2701152,2022,downloaded
CA2701152,2023,downloaded
CA2701579,2020,downloaded
CA2701579,2021,downloaded
CA2701579,2022,downloaded
CA2701579,2023,downloaded
CA2701679,2020,downloaded
CA2701679,2021,missing
CA2701679,2022,downloaded
CA2701679,2023,downloaded
CA2701912,2020,downloaded
CA2701912,2021,downloaded
CA2701912,2022,downloaded
CA2701912,2023,downloaded
CA2701922,2020,downloaded
CA2701922,2021,downloaded
CA2701922,2022,downloaded
CA2701922,2023,downloaded
CA2702121,2020,downloaded
CA2702121,2021,downloaded
CA2702121,2022,downloaded
CA2702121,2023,downloaded
CA2702202,2020,downloaded
CA2702202,2021,downloaded
CA2702202,2022,downloaded
CA2702202,2023,downloaded
CA2702254,2020,missing
CA2702254,2021,missing
CA2702254,2022,missing
CA2702254,2023,downloaded
CA2702317,2020,downloaded
CA2702317,2021,downloaded
CA2702317,2022,downloaded
CA2702317,2023,downloaded
CA2702322,2020,downloaded
CA2702322,2021,downloaded
CA2702322,2022,downloaded
CA2702322,2023,downloaded
CA2702370,2020,downloaded
CA2702370,2021,downloaded
CA2702370,2022,downloaded
CA2702370,2023,downloaded
CA2702373,2020,downloaded
CA2702373,2021,downloaded
CA2702373,2022,downloaded
CA2702373,2023,downloaded
CA2702452,2020,downloaded
CA2702452,2021,downloaded
CA2702452,2022,downloaded
CA2702452,2023,downloaded
CA2702453,2020,downloaded
CA2702453,2021,downloaded
CA2702453,2022,downloaded
CA2702453,2023,downloaded
CA2702484,2020,downloaded
CA2702484,2021,missing
CA2702484,2022,downloaded
CA2702484,2023,downloaded
CA2702519,2020,downloaded
CA2702519,2021,downloaded
CA2702519,2022,downloaded
CA2702519,2023,downloaded
CA2702595,2020,downloaded
CA2702595,2021,downloaded
CA2702595,2022,downloaded
CA2702595,2023,downloaded
CA2702616,2020,downloaded
CA2702616,2021,downloaded
CA2702616,2022,downloaded
CA2702616,2023,downloaded
CA2702643,2020,downloaded
CA2702643,2021,downloaded
CA2702643,2022,downloaded
CA2702643,2023,downloaded
CA2702652,2020,downloaded
CA2702652,2021,missing
CA2702652,2022,downloaded
CA2702652,2023,downloaded
CA2702681,2020,downloaded
CA2702681,2021,downloaded
CA2702681,2022,downloaded
CA2702681,2023,downloaded
CA2702704,2020,downloaded
CA2702704,2021,missing
CA2702704,2022,downloaded
CA2702704,2023,downloaded
CA2702708,2020,downloaded
CA2702708,2021,downloaded
CA2702708,2022,downloaded
CA2702708,2023,downloaded
CA2702812,2020,downloaded
CA2702812,2021,downloaded
CA2702812,2022,downloaded
CA2702812,2023,downloaded
CA2702830,2020,missing
CA2702830,2021,downloaded
CA2702830,2022,downloaded
CA2702830,2023,downloaded
CA2704623,2020,downloaded
CA2704623,2021,downloaded
CA2704623,2022,downloaded
CA2704623,2023,downloaded
CA2706552,2020,downloaded
CA2706552,2021,downloaded
CA2706552,2022,downloaded
CA2706552,2023,downloaded
CA2708852,2020,downloaded
CA2708852,2021,downloaded
CA2708852,2022,downloaded
CA2708852,2023,downloaded
CA2800012,2020,downloaded
CA2800012,2021,downloaded
CA2800012,2022,downloaded
CA2800012,2023,downloaded
CA2800015,2020,downloaded
CA2800015,2021,downloaded
CA2800015,2022,downloaded
CA2800015,2023,downloaded
CA2800020,2020,downloaded
CA2800020,2021,downloaded
CA2800020,2022,downloaded
CA2800020,2023,downloaded
CA2800024,2020,downloaded
CA2800024,2021,downloaded
CA2800024,2022,missing
CA2800024,2023,downloaded
CA2800027,2020,downloaded
CA2800027,2021,downloaded
CA2800027,2022,downloaded
CA2800027,2023,downloaded
CA2800034,2020,downloaded
CA2800034,2021,downloaded
CA2800034,2022,downloaded
CA2800034,2023,downloaded
CA2800041,2020,downloaded
CA2800041,2021,downloaded
CA2800041,2022,downloaded
CA2800041,2023,downloaded
CA2800043,2020,missing
CA2800043,2021,missing
CA2800043,2022,downloaded
CA2800043,2023,missing
CA2800047,2020,downloaded
CA2800047,2021,downloaded
CA2800047,2022,downloaded
CA2800047,2023,downloaded
CA2800059,2020,downloaded
CA2800059,2021,missing
CA2800059,2022,downloaded
CA2800059,2023,missing
CA2800112,2020,downloaded
CA2800112,2021,downloaded
CA2800112,2022,downloaded
CA2800112,2023,downloaded
CA2800129,2020,downloaded
CA2800129,2021,missing
CA2800129,2022,missing
CA2800129,2023,missing
CA2800299,2020,downloaded
CA2800299,2021,downloaded
CA2800299,2022,downloaded
CA2800299,2023,downloaded
CA2800301,2020,missing
CA2800301,2021,missing
CA2800301,2022,downloaded
CA2800301,2023,missing
CA2800536,2020,downloaded
CA2800536,2021,downloaded
CA2800536,2022,downloaded
CA2800536,2023,downloaded
CA2800556,2020,downloaded
CA2800556,2021,downloaded
CA2800556,2022,downloaded
CA2800556,2023,missing
CA2800561,2020,downloaded
CA2800561,2021,downloaded
CA2800561,2022,downloaded
CA2800561,2023,downloaded
CA2800562,2020,downloaded
CA2800562,2021,downloaded
CA2800562,2022,downloaded
CA2800562,2023,downloaded
CA2800580,2020,downloaded
CA2800580,2021,missing
CA2800580,2022,missing
CA2800580,2023,missing
CA2800588,2020,downloaded
CA2800588,2021,missing
CA2800588,2022,missing
CA2800588,2023,downloaded
CA2800609,2020,downloaded
CA2800609,2021,missing
CA2800609,2022,missing
CA2800609,2023,missing
CA2800648,2020,downloaded
CA2800648,2021,downloaded
CA2800648,2022,downloaded
CA2800648,2023,downloaded
CA2800736,2020,missing
CA2800736,2021,missing
CA2800736,2022,downloaded
CA2800736,2023,downloaded
CA2800741,2020,downloaded
CA2800741,2021,downloaded
CA2800741,2022,downloaded
CA2800741,2023,downloaded
CA2800840,2020,downloaded
CA2800840,2021,downloaded
CA2800840,2022,downloaded
CA2800840,2023,downloaded
CA2800848,2020,downloaded
CA2800848,2021,missing
CA2800848,2022,missing
CA2800848,2023,missing
CA2800970,2020,downloaded
CA2800970,2021,missing
CA2800970,2022,missing
CA2800970,2023,missing
CA2801002,2020,downloaded
CA2801002,2021,missing
CA2801002,2022,missing
CA2801002,2023,missing
CA2801004,2020,downloaded
CA2801004,2021,missing
CA2801004,2022,missing
CA2801004,2023,missing
CA2801006,2020,downloaded
CA2801006,2021,missing
CA2801006,2022,missing
CA2801006,2023,downloaded
CA2801007,2020,missing
CA2801007,2021,missing
CA2801007,2022,missing
CA2801007,2023,missing
CA2801008,2020,downloaded
CA2801008,2021,downloaded
CA2801008,2022,downloaded
CA2801008,2023,downloaded
CA2801011,2020,downloaded
CA2801011,2021,downloaded
CA2801011,2022,downloaded
CA2801011,2023,downloaded
CA2801012,2020,downloaded
CA2801012,2021,downloaded
CA2801012,2022,downloaded
CA2801012,2023,downloaded
CA2801015,2020,downloaded
CA2801015,2021,downloaded
CA2801015,2022,downloaded
CA2801015,2023,downloaded
CA2801024,2020,missing
CA2801024,2021,downloaded
CA2801024,2022,downloaded
CA2801024,2023,downloaded
CA2801026,2020,downloaded
CA2801026,2021,downloaded
CA2801026,2022,downloaded
CA2801026,2023,downloaded
CA2801027,2020,downloaded
CA2801027,2021,downloaded
CA2801027,2022,downloaded
CA2801027,2023,downloaded
CA2801028,2020,missing
CA2801028,2021,downloaded
CA2801028,2022,downloaded
CA2801028,2023,downloaded
CA2801029,2020,downloaded
CA2801029,2021,downloaded
CA2801029,2022,downloaded
CA2801029,2023,downloaded
CA2801031,2020,downloaded
CA2801031,2021,missing
CA2801031,2022,downloaded
CA2801031,2023,downloaded
CA2801033,2020,downloaded
CA2801033,2021,downloaded
CA2801033,2022,downloaded
CA2801033,2023,missing
CA2801035,2020,downloaded
CA2801035,2021,downloaded
CA2801035,2022,missing
CA2801035,2023,downloaded
CA2801036,2020,downloaded
CA2801036,2021,missing
CA2801036,2022,missing
CA2801036,2023,downloaded
CA2801037,2020,downloaded
CA2801037,2021,downloaded
CA2801037,2022,downloaded
CA2801037,2023,downloaded
CA2801038,2020,downloaded
CA2801038,2021,downloaded
CA2801038,2022,downloaded
CA2801038,2023,downloaded
CA2801041,2020,downloaded
CA2801041,2021,downloaded
CA2801041,2022,downloaded
CA2801041,2023,downloaded
CA2801046,2020,downloaded
CA2801046,2021,downloaded
CA2801046,2022,downloaded
CA2801046,2023,downloaded
CA2801047,2020,downloaded
CA2801047,2021,downloaded
CA2801047,2022,downloaded
CA2801047,2023,downloaded
CA2801049,2020,downloaded
CA2801049,2021,missing
CA2801049,2022,downloaded
CA2801049,2023,downloaded
CA2801055,2020,downloaded
CA2801055,2021,missing
CA2801055,2022,downloaded
CA2801055,2023,downloaded
CA2801056,2020,downloaded
CA2801056,2021,downloaded
CA2801056,2022,downloaded
CA2801056,2023,downloaded
CA2801057,2020,missing
CA2801057,2021,downloaded
CA2801057,2022,downloaded
CA2801057,2023,downloaded
CA2801070,2020,downloaded
CA2801070,2021,missing
CA2801070,2022,missing
CA2801070,2023,missing
CA2801073,2020,missing
CA2801073,2021,missing
CA2801073,2022,missing
CA2801073,2023,missing
CA2801075,2020,missing
CA2801075,2021,missing
CA2801075,2022,missing
CA2801075,2023,downloaded
CA2801076,2020,downloaded
CA2801076,2021,downloaded
CA2801076,2022,missing
CA2801076,2023,downloaded
CA2801084,2020,missing
CA2801084,2021,downloaded
CA2801084,2022,downloaded
CA2801084,2023,missing
CA2801086,2020,downloaded
CA2801086,2021,missing
CA2801086,2022,missing
CA2801086,2023,missing
CA2801088,2020,missing
CA2801088,2021,missing
CA2801088,2022,downloaded
CA2801088,2023,missing
CA2803907,2020,downloaded
CA2803907,2021,downloaded
CA2803907,2022,downloaded
CA2803907,2023,downloaded
CA2803912,2020,downloaded
CA2803912,2021,missing
CA2803912,2022,missing
CA2803912,2023,downloaded
CA2810008,2020,missing
CA2810008,2021,missing
CA2810008,2022,missing
CA2810008,2023,missing
CA2900330,2020,missing
CA2900330,2021,missing
CA2900330,2022,missing
CA2900330,2023,missing
CA2900507,2020,downloaded
CA2900507,2021,missing
CA2900507,2022,missing
CA2900507,2023,missing
CA2900508,2020,missing
CA2900508,2021,downloaded
CA2900508,2022,missing
CA2900508,2023,missing
CA2900532,2020,missing
CA2900532,2021,missing
CA2900532,2022,missing
CA2900532,2023,missing
CA2900535,2020,missing
CA2900535,2021,downloaded
CA2900535,2022,missing
CA2900535,2023,downloaded
CA2900536,2020,missing
CA2900536,2021,missing
CA2900536,2022,missing
CA2900536,2023,downloaded
CA2900563,2020,missing
CA2900563,2021,missing
CA2900563,2022,missing
CA2900563,2023,missing
CA2900578,2020,missing
CA2900578,2021,missing
CA2900578,2022,missing
CA2900578,2023,missing
CA2900587,2020,missing
CA2900587,2021,missing
CA2900587,2022,missing
CA2900587,2023,downloaded
CA2900593,2020,missing
CA2900593,2021,missing
CA2900593,2022,missing
CA2900593,2023,downloaded
CA2900601,2020,missing
CA2900601,2021,missing
CA2900601,2022,missing
CA2900601,2023,missing
CA2900618,2020,missing
CA2900618,2021,missing
CA2900618,2022,missing
CA2900618,2023,downloaded
CA2900626,2020,missing
CA2900626,2021,missing
CA2900626,2022,missing
CA2900626,2023,downloaded
CA2901208,2020,missing
CA2901208,2021,missing
CA2901208,2022,missing
CA2901208,2023,downloaded
CA2904011,2020,missing
CA2904011,2021,missing
CA2904011,2022,downloaded
CA2904011,2023,downloaded
CA3000759,2020,downloaded
CA3000759,2021,downloaded
CA3000759,2022,downloaded
CA3000759,2023,missing
CA3000819,2020,missing
CA3000819,2021,downloaded
CA3000819,2022,downloaded
CA3000819,2023,downloaded
CA3010071,2020,downloaded
CA3010071,2021,downloaded
CA3010071,2022,downloaded
CA3010071,2023,downloaded
CA3010093,2020,missing
CA3010093,2021,missing
CA3010093,2022,downloaded
CA3010093,2023,missing
CA3010120,2020,downloaded
CA3010120,2021,missing
CA3010120,2022,downloaded
CA3010120,2023,downloaded
CA3100072,2020,missing
CA3100072,2021,missing
CA3100072,2022,missing
CA3100072,2023,missing
CA3100083,2020,missing
CA3100083,2021,missing
CA3100083,2022,missing
CA3100083,2023,downloaded
CA3100105,2020,missing
CA3100105,2021,missing
CA3100105,2022,missing
CA3100105,2023,downloaded
CA3103291,2020,missing
CA3103291,2021,missing
CA3103291,2022,missing
CA3103291,2023,missing
CA3103294,2020,missing
CA3103294,2021,missing
CA3103294,2022,downloaded
CA3103294,2023,missing
CA3104508,2020,downloaded
CA3104508,2021,downloaded
CA3104508,2022,missing
CA3104508,2023,downloaded
CA3105779,2020,downloaded
CA3105779,2021,downloaded
CA3105779,2022,missing
CA3105779,2023,downloaded
CA3106937,2020,downloaded
CA3106937,2021,missing
CA3106937,2022,missing
CA3106937,2023,missing
CA3107084,2020,missing
CA3107084,2021,missing
CA3107084,2022,missing
CA3107084,2023,downloaded
CA3107310,2020,missing
CA3107310,2021,missing
CA3107310,2022,missing
CA3107310,2023,missing
CA3107322,2020,missing
CA3107322,2021,downloaded
CA3107322,2022,missing
CA3107322,2023,missing
CA3107329,2020,downloaded
CA3107329,2021,missing
CA3107329,2022,missing
CA3107329,2023,missing
CA3107342,2020,missing
CA3107342,2021,missing
CA3107342,2022,missing
CA3107342,2023,missing
CA3200048,2020,downloaded
CA3200048,2021,downloaded
CA3200048,2022,downloaded
CA3200048,2023,downloaded
CA3200111,2020,missing
CA3200111,2021,missing
CA3200111,2022,missing
CA3200111,2023,missing
CA3200141,2020,missing
CA3200141,2021,missing
CA3200141,2022,downloaded
CA3200141,2023,missing
CA3200166,2020,downloaded
CA3200166,2021,missing
CA3200166,2022,missing
CA3200166,2023,downloaded
CA3205005,2020,missing
CA3205005,2021,missing
CA3205005,2022,missing
CA3205005,2023,missing
CA3301133,2020,downloaded
CA3301133,2021,downloaded
CA3301133,2022,downloaded
CA3301133,2023,missing
CA3301147,2020,downloaded
CA3301147,2021,downloaded
CA3301147,2022,downloaded
CA3301147,2023,downloaded
CA3301164,2020,downloaded
CA3301164,2021,downloaded
CA3301164,2022,downloaded
CA3301164,2023,downloaded
CA3301176,2020,downloaded
CA3301176,2021,downloaded
CA3301176,2022,downloaded
CA3301176,2023,downloaded
CA3301186,2020,missing
CA3301186,2021,missing
CA3301186,2022,missing
CA3301186,2023,missing
CA3301238,2020,downloaded
CA3301238,2021,downloaded
CA3301238,2022,downloaded
CA3301238,2023,downloaded
CA3301305,2020,downloaded
CA3301305,2021,downloaded
CA3301305,2022,downloaded
CA3301305,2023,downloaded
CA3301308,2020,downloaded
CA3301308,2021,downloaded
CA3301308,2022,downloaded
CA3301308,2023,missing
CA3301309,2020,downloaded
CA3301309,2021,downloaded
CA3301309,2022,downloaded
CA3301309,2023,missing
CA3301373,2020,downloaded
CA3301373,2021,downloaded
CA3301373,2022,downloaded
CA3301373,2023,downloaded
CA3301385,2020,downloaded
CA3301385,2021,downloaded
CA3301385,2022,downloaded
CA3301385,2023,missing
CA3301388,2020,downloaded
CA3301388,2021,downloaded
CA3301388,2022,downloaded
CA3301388,2023,downloaded
CA3301494,2020,downloaded
CA3301494,2021,downloaded
CA3301494,2022,downloaded
CA3301494,2023,downloaded
CA3301622,2020,downloaded
CA3301622,2021,downloaded
CA3301622,2022,downloaded
CA3301622,2023,missing
CA3301935,2020,downloaded
CA3301935,2021,downloaded
CA3301935,2022,downloaded
CA3301935,2023,downloaded
CA3301939,2020,downloaded
CA3301939,2021,downloaded
CA3301939,2022,downloaded
CA3301939,2023,downloaded
CA3301961,2020,downloaded
CA3301961,2021,downloaded
CA3301961,2022,downloaded
CA3301961,2023,missing
CA3301979,2020,downloaded
CA3301979,2021,downloaded
CA3301979,2022,downloaded
CA3301979,2023,downloaded
CA3303026,2020,downloaded
CA3303026,2021,missing
CA3303026,2022,downloaded
CA3303026,2023,downloaded
CA3303071,2020,downloaded
CA3303071,2021,downloaded
CA3303071,2022,downloaded
CA3303071,2023,downloaded
CA3303072,2020,downloaded
CA3303072,2021,downloaded
CA3303072,2022,downloaded
CA3303072,2023,missing
CA3303092,2020,downloaded
CA3303092,2021,downloaded
CA3303092,2022,downloaded
CA3303092,2023,downloaded
CA3303112,2020,downloaded
CA3303112,2021,downloaded
CA3303112,2022,downloaded
CA3303112,2023,downloaded
CA3310075,2020,missing
CA3310075,2021,missing
CA3310075,2022,missing
CA3310075,2023,missing
CA3310083,2020,missing
CA3310083,2021,missing
CA3310083,2022,missing
CA3310083,2023,missing
CA3310084,2020,downloaded
CA3310084,2021,downloaded
CA3310084,2022,downloaded
CA3310084,2023,downloaded
CA3400240,2020,missing
CA3400240,2021,missing
CA3400240,2022,missing
CA3400240,2023,missing
CA3400248,2020,missing
CA3400248,2021,downloaded
CA3400248,2022,missing
CA3400248,2023,missing
CA3400250,2020,missing
CA3400250,2021,missing
CA3400250,2022,downloaded
CA3400250,2023,missing
CA3400251,2020,missing
CA3400251,2021,missing
CA3400251,2022,downloaded
CA3400251,2023,missing
CA3400253,2020,missing
CA3400253,2021,downloaded
CA3400253,2022,missing
CA3400253,2023,missing
CA3400254,2020,missing
CA3400254,2021,missing
CA3400254,2022,downloaded
CA3400254,2023,missing
CA3400267,2020,missing
CA3400267,2021,missing
CA3400267,2022,missing
CA3400267,2023,missing
CA3400268,2020,missing
CA3400268,2021,missing
CA3400268,2022,missing
CA3400268,2023,missing
CA3400271,2020,missing
CA3400271,2021,missing
CA3400271,2022,missing
CA3400271,2023,missing
CA3400273,2020,missing
CA3400273,2021,downloaded
CA3400273,2022,downloaded
CA3400273,2023,missing
CA3400278,2020,missing
CA3400278,2021,downloaded
CA3400278,2022,missing
CA3400278,2023,missing
CA3400358,2020,missing
CA3400358,2021,missing
CA3400358,2022,missing
CA3400358,2023,missing
CA3400394,2020,missing
CA3400394,2021,missing
CA3400394,2022,missing
CA3400394,2023,missing
CA3400402,2020,missing
CA3400402,2021,missing
CA3400402,2022,missing
CA3400402,2023,missing
CA3400416,2020,missing
CA3400416,2021,missing
CA3400416,2022,missing
CA3400416,2023,missing
CA3400425,2020,missing
CA3400425,2021,missing
CA3400425,2022,missing
CA3400425,2023,missing
CA3400429,2020,missing
CA3400429,2021,missing
CA3400429,2022,missing
CA3400429,2023,missing
CA3400434,2020,downloaded
CA3400434,2021,missing
CA3400434,2022,downloaded
CA3400434,2023,missing
CA3400452,2020,missing
CA3400452,2021,missing
CA3400452,2022,missing
CA3400452,2023,missing
CA3400453,2020,missing
CA3400453,2021,missing
CA3400453,2022,downloaded
CA3400453,2023,missing
CA3400454,2020,downloaded
CA3400454,2021,missing
CA3400454,2022,missing
CA3400454,2023,missing
CA3400456,2020,missing
CA3400456,2021,missing
CA3400456,2022,missing
CA3400456,2023,missing
CA3400475,2020,downloaded
CA3400475,2021,missing
CA3400475,2022,missing
CA3400475,2023,downloaded
CA3410802,2020,missing
CA3410802,2021,downloaded
CA3410802,2022,missing
CA3410802,2023,downloaded
CA3500563,2020,downloaded
CA3500563,2021,downloaded
CA3500563,2022,downloaded
CA3500563,2023,downloaded
CA3500804,2020,downloaded
CA3500804,2021,downloaded
CA3500804,2022,downloaded
CA3500804,2023,downloaded
CA3500805,2020,downloaded
CA3500805,2021,downloaded
CA3500805,2022,downloaded
CA3500805,2023,downloaded
CA3500917,2020,downloaded
CA3500917,2021,downloaded
CA3500917,2022,downloaded
CA3500917,2023,downloaded
CA3500919,2020,downloaded
CA3500919,2021,downloaded
CA3500919,2022,downloaded
CA3500919,2023,downloaded
CA3500926,2020,missing
CA3500926,2021,missing
CA3500926,2022,downloaded
CA3500926,2023,downloaded
CA3500927,2020,downloaded
CA3500927,2021,downloaded
CA3500927,2022,downloaded
CA3500927,2023,downloaded
CA3500928,2020,downloaded
CA3500928,2021,downloaded
CA3500928,2022,missing
CA3500928,2023,downloaded
CA3510007,2020,missing
CA3510007,2021,missing
CA3510007,2022,missing
CA3510007,2023,missing
CA3510009,2020,downloaded
CA3510009,2021,downloaded
CA3510009,2022,downloaded
CA3510009,2023,downloaded
CA3600036,2020,downloaded
CA3600036,2021,downloaded
CA3600036,2022,downloaded
CA3600036,2023,missing
CA3600062,2020,missing
CA3600062,2021,missing
CA3600062,2022,missing
CA3600062,2023,missing
CA3600106,2020,missing
CA3600106,2021,missing
CA3600106,2022,missing
CA3600106,2023,downloaded
CA3600141,2020,downloaded
CA3600141,2021,downloaded
CA3600141,2022,downloaded
CA3600141,2023,downloaded
CA3600154,2020,missing
CA3600154,2021,downloaded
CA3600154,2022,downloaded
CA3600154,2023,downloaded
CA3600192,2020,downloaded
CA3600192,2021,downloaded
CA3600192,2022,downloaded
CA3600192,2023,downloaded
CA3600193,2020,downloaded
CA3600193,2021,downloaded
CA3600193,2022,downloaded
CA3600193,2023,missing
CA3600393,2020,downloaded
CA3600393,2021,downloaded
CA3600393,2022,missing
CA3600393,2023,missing
CA3600432,2020,downloaded
CA3600432,2021,downloaded
CA3600432,2022,missing
CA3600432,2023,downloaded
CA3600478,2020,downloaded
CA3600478,2021,downloaded
CA3600478,2022,missing
CA3600478,2023,downloaded
CA3600585,2020,downloaded
CA3600585,2021,downloaded
CA3600585,2022,missing
CA3600585,2023,missing
CA3600597,2020,missing
CA3600597,2021,missing
CA3600597,2022,downloaded
CA3600597,2023,downloaded
CA3600707,2020,downloaded
CA3600707,2021,missing
CA3600707,2022,missing
CA3600707,2023,missing
CA3600790,2020,downloaded
CA3600790,2021,downloaded
CA3600790,2022,downloaded
CA3600790,2023,downloaded
CA3600797,2020,downloaded
CA3600797,2021,downloaded
CA3600797,2022,downloaded
CA3600797,2023,downloaded
CA3601013,2020,downloaded
CA3601013,2021,downloaded
CA3601013,2022,downloaded
CA3601013,2023,downloaded
CA3601057,2020,downloaded
CA3601057,2021,downloaded
CA3601057,2022,missing
CA3601057,2023,downloaded
CA3601061,2020,downloaded
CA3601061,2021,downloaded
CA3601061,2022,downloaded
CA3601061,2023,downloaded
CA3601062,2020,downloaded
CA3601062,2021,downloaded
CA3601062,2022,downloaded
CA3601062,2023,downloaded
CA3601064,2020,downloaded
CA3601064,2021,missing
CA3601064,2022,downloaded
CA3601064,2023,downloaded
CA3601082,2020,downloaded
CA3601082,2021,missing
CA3601082,2022,missing
CA3601082,2023,downloaded
CA3601095,2020,downloaded
CA3601095,2021,downloaded
CA3601095,2022,missing
CA3601095,2023,downloaded
CA3601106,2020,downloaded
CA3601106,2021,downloaded
CA3601106,2022,downloaded
CA3601106,2023,downloaded
CA3601122,2020,downloaded
CA3601122,2021,missing
CA3601122,2022,missing
CA3601122,2023,missing
CA3601130,2020,downloaded
CA3601130,2021,downloaded
CA3601130,2022,downloaded
CA3601130,2023,downloaded
CA3601133,2020,downloaded
CA3601133,2021,downloaded
CA3601133,2022,downloaded
CA3601133,2023,downloaded
CA3601135,2020,downloaded
CA3601135,2021,downloaded
CA3601135,2022,downloaded
CA3601135,2023,missing
CA3601145,2020,downloaded
CA3601145,2021,downloaded
CA3601145,2022,downloaded
CA3601145,2023,downloaded
CA3601150,2020,downloaded
CA3601150,2021,downloaded
CA3601150,2022,missing
CA3601150,2023,downloaded
CA3601155,2020,downloaded
CA3601155,2021,downloaded
CA3601155,2022,downloaded
CA3601155,2023,downloaded
CA3601159,2020,downloaded
CA3601159,2021,downloaded
CA3601159,2022,missing
CA3601159,2023,missing
CA3601179,2020,downloaded
CA3601179,2021,downloaded
CA3601179,2022,downloaded
CA3601179,2023,downloaded
CA3601181,2020,downloaded
CA3601181,2021,downloaded
CA3601181,2022,missing
CA3601181,2023,downloaded
CA3601184,2020,downloaded
CA3601184,2021,downloaded
CA3601184,2022,downloaded
CA3601184,2023,downloaded
CA3601185,2020,missing
CA3601185,2021,downloaded
CA3601185,2022,downloaded
CA3601185,2023,downloaded
CA3610006,2020,downloaded
CA3610006,2021,downloaded
CA3610006,2022,downloaded
CA3610006,2023,missing
CA3610019,2020,downloaded
CA3610019,2021,downloaded
CA3610019,2022,downloaded
CA3610019,2023,missing
CA3610075,2020,downloaded
CA3610075,2021,downloaded
CA3610075,2022,downloaded
CA3610075,2023,downloaded
CA3610086,2020,downloaded
CA3610086,2021,downloaded
CA3610086,2022,downloaded
CA3610086,2023,downloaded
CA3610129,2020,missing
CA3610129,2021,downloaded
CA3610129,2022,downloaded
CA3610129,2023,downloaded
CA3610130,2020,downloaded
CA3610130,2021,downloaded
CA3610130,2022,downloaded
CA3610130,2023,downloaded
CA3610708,2020,downloaded
CA3610708,2021,downloaded
CA3610708,2022,downloaded
CA3610708,2023,downloaded
CA3700018,2020,missing
CA3700018,2021,downloaded
CA3700018,2022,downloaded
CA3700018,2023,downloaded
CA3700044,2020,missing
CA3700044,2021,missing
CA3700044,2022,missing
CA3700044,2023,missing
CA3700117,2020,missing
CA3700117,2021,downloaded
CA3700117,2022,downloaded
CA3700117,2023,downloaded
CA3700118,2020,missing
CA3700118,2021,downloaded
CA3700118,2022,downloaded
CA3700118,2023,downloaded
CA3700880,2020,missing
CA3700880,2021,missing
CA3700880,2022,downloaded
CA3700880,2023,downloaded
CA3700912,2020,missing
CA3700912,2021,missing
CA3700912,2022,downloaded
CA3700912,2023,downloaded
CA3700953,2020,missing
CA3700953,2021,missing
CA3700953,2022,downloaded
CA3700953,2023,downloaded
CA3700963,2020,missing
CA3700963,2021,downloaded
CA3700963,2022,downloaded
CA3700963,2023,downloaded
CA3701005,2020,downloaded
CA3701005,2021,missing
CA3701005,2022,downloaded
CA3701005,2023,missing
CA3701909,2020,missing
CA3701909,2021,missing
CA3701909,2022,downloaded
CA3701909,2023,downloaded
CA3702283,2020,downloaded
CA3702283,2021,downloaded
CA3702283,2022,downloaded
CA3702283,2023,downloaded
CA3702364,2020,missing
CA3702364,2021,downloaded
CA3702364,2022,downloaded
CA3702364,2023,downloaded
CA3705073,2020,missing
CA3705073,2021,downloaded
CA3705073,2022,downloaded
CA3705073,2023,downloaded
CA3710042,2020,downloaded
CA3710042,2021,missing
CA3710042,2022,missing
CA3710042,2023,missing
CA3710045,2020,missing
CA3710045,2021,missing
CA3710045,2022,missing
CA3710045,2023,missing
CA3710048,2020,missing
CA3710048,2021,downloaded
CA3710048,2022,downloaded
CA3710048,2023,downloaded
CA3710049,2020,downloaded
CA3710049,2021,downloaded
CA3710049,2022,downloaded
CA3710049,2023,downloaded
CA3710051,2020,downloaded
CA3710051,2021,downloaded
CA3710051,2022,downloaded
CA3710051,2023,downloaded
CA3710052,2020,downloaded
CA3710052,2021,downloaded
CA3710052,2022,downloaded
CA3710052,2023,downloaded
CA3710053,2020,downloaded
CA3710053,2021,downloaded
CA3710053,2022,downloaded
CA3710053,2023,downloaded
CA3810001,2020,downloaded
CA3810001,2021,downloaded
CA3810001,2022,downloaded
CA3810001,2023,downloaded
CA3810008,2020,missing
CA3810008,2021,missing
CA3810008,2022,missing
CA3810008,2023,missing
CA3900511,2020,downloaded
CA3900511,2021,downloaded
CA3900511,2022,downloaded
CA3900511,2023,downloaded
CA3900581,2020,downloaded
CA3900581,2021,downloaded
CA3900581,2022,downloaded
CA3900581,2023,downloaded
CA3900742,2020,missing
CA3900742,2021,downloaded
CA3900742,2022,downloaded
CA3900742,2023,downloaded
CA3900748,2020,missing
CA3900748,2021,missing
CA3900748,2022,downloaded
CA3900748,2023,downloaded
CA3900756,2020,missing
CA3900756,2021,downloaded
CA3900756,2022,downloaded
CA3900756,2023,missing
CA3900757,2020,missing
CA3900757,2021,downloaded
CA3900757,2022,downloaded
CA3900757,2023,missing
CA3900796,2020,missing
CA3900796,2021,downloaded
CA3900796,2022,missing
CA3900796,2023,missing
CA3900798,2020,missing
CA3900798,2021,missing
CA3900798,2022,missing
CA3900798,2023,missing
CA3900815,2020,missing
CA3900815,2021,downloaded
CA3900815,2022,downloaded
CA3900815,2023,downloaded
CA3900825,2020,downloaded
CA3900825,2021,downloaded
CA3900825,2022,downloaded
CA3900825,2023,downloaded
CA3900846,2020,downloaded
CA3900846,2021,downloaded
CA3900846,2022,downloaded
CA3900846,2023,downloaded
CA3900848,2020,downloaded
CA3900848,2021,downloaded
CA3900848,2022,downloaded
CA3900848,2023,downloaded
CA3900849,2020,downloaded
CA3900849,2021,downloaded
CA3900849,2022,downloaded
CA3900849,2023,downloaded
CA3900850,2020,downloaded
CA3900850,2021,downloaded
CA3900850,2022,downloaded
CA3900850,2023,downloaded
CA3900978,2020,missing
CA3900978,2021,downloaded
CA3900978,2022,downloaded
CA3900978,2023,missing
CA3900993,2020,downloaded
CA3900993,2021,downloaded
CA3900993,2022,downloaded
CA3900993,2023,downloaded
CA3901014,2020,missing
CA3901014,2021,downloaded
CA3901014,2022,downloaded
CA3901014,2023,downloaded
CA3901032,2020,downloaded
CA3901032,2021,missing
CA3901032,2022,downloaded
CA3901032,2023,downloaded
CA3901080,2020,missing
CA3901080,2021,missing
CA3901080,2022,missing
CA3901080,2023,missing
CA3901082,2020,downloaded
CA3901082,2021,downloaded
CA3901082,2022,downloaded
CA3901082,2023,missing
CA3901085,2020,downloaded
CA3901085,2021,downloaded
CA3901085,2022,downloaded
CA3901085,2023,downloaded
CA3901086,2020,missing
CA3901086,2021,missing
CA3901086,2022,missing
CA3901086,2023,missing
CA3901090,2020,missing
CA3901090,2021,downloaded
CA3901090,2022,downloaded
CA3901090,2023,downloaded
CA3901107,2020,missing
CA3901107,2021,downloaded
CA3901107,2022,downloaded
CA3901107,2023,downloaded
CA3901163,2020,downloaded
CA3901163,2021,downloaded
CA3901163,2022,downloaded
CA3901163,2023,downloaded
CA3901167,2020,missing
CA3901167,2021,missing
CA3901167,2022,downloaded
CA3901167,2023,downloaded
CA3901176,2020,downloaded
CA3901176,2021,downloaded
CA3901176,2022,missing
CA3901176,2023,downloaded
CA3901179,2020,downloaded
CA3901179,2021,downloaded
CA3901179,2022,downloaded
CA3901179,2023,downloaded
CA3901181,2020,missing
CA3901181,2021,downloaded
CA3901181,2022,downloaded
CA3901181,2023,missing
CA3901194,2020,downloaded
CA3901194,2021,missing
CA3901194,2022,downloaded
CA3901194,2023,downloaded
CA3901197,2020,missing
CA3901197,2021,downloaded
CA3901197,2022,downloaded
CA3901197,2023,downloaded
CA3901209,2020,downloaded
CA3901209,2021,downloaded
CA3901209,2022,downloaded
CA3901209,2023,downloaded
CA3901245,2020,missing
CA3901245,2021,missing
CA3901245,2022,missing
CA3901245,2023,downloaded
CA3901258,2020,missing
CA3901258,2021,missing
CA3901258,2022,missing
CA3901258,2023,missing
CA3901278,2020,missing
CA3901278,2021,downloaded
CA3901278,2022,downloaded
CA3901278,2023,missing
CA3901282,2020,missing
CA3901282,2021,missing
CA3901282,2022,missing
CA3901282,2023,missing
CA3901285,2020,missing
CA3901285,2021,missing
CA3901285,2022,missing
CA3901285,2023,downloaded
CA3901290,2020,missing
CA3901290,2021,downloaded
CA3901290,2022,downloaded
CA3901290,2023,downloaded
CA3901305,2020,downloaded
CA3901305,2021,downloaded
CA3901305,2022,downloaded
CA3901305,2023,downloaded
CA3901306,2020,missing
CA3901306,2021,missing
CA3901306,2022,missing
CA3901306,2023,missing
CA3901309,2020,downloaded
CA3901309,2021,downloaded
CA3901309,2022,downloaded
CA3901309,2023,downloaded
CA3901312,2020,missing
CA3901312,2021,downloaded
CA3901312,2022,missing
CA3901312,2023,downloaded
CA3901315,2020,downloaded
CA3901315,2021,downloaded
CA3901315,2022,downloaded
CA3901315,2023,downloaded
CA3901318,2020,downloaded
CA3901318,2021,downloaded
CA3901318,2022,downloaded
CA3901318,2023,downloaded
CA3901319,2020,downloaded
CA3901319,2021,downloaded
CA3901319,2022,downloaded
CA3901319,2023,downloaded
CA3901320,2020,downloaded
CA3901320,2021,downloaded
CA3901320,2022,downloaded
CA3901320,2023,downloaded
CA3901323,2020,downloaded
CA3901323,2021,downloaded
CA3901323,2022,downloaded
CA3901323,2023,downloaded
CA3901331,2020,missing
CA3901331,2021,downloaded
CA3901331,2022,downloaded
CA3901331,2023,downloaded
CA3901336,2020,downloaded
CA3901336,2021,downloaded
CA3901336,2022,downloaded
CA3901336,2023,downloaded
CA3901338,2020,downloaded
CA3901338,2021,downloaded
CA3901338,2022,downloaded
CA3901338,2023,downloaded
CA3901343,2020,downloaded
CA3901343,2021,downloaded
CA3901343,2022,downloaded
CA3901343,2023,downloaded
CA3901345,2020,downloaded
CA3901345,2021,downloaded
CA3901345,2022,downloaded
CA3901345,2023,missing
CA3901350,2020,missing
CA3901350,2021,downloaded
CA3901350,2022,downloaded
CA3901350,2023,downloaded
CA3901354,2020,missing
CA3901354,2021,missing
CA3901354,2022,missing
CA3901354,2023,missing
CA3901368,2020,downloaded
CA3901368,2021,downloaded
CA3901368,2022,downloaded
CA3901368,2023,downloaded
CA3901369,2020,downloaded
CA3901369,2021,downloaded
CA3901369,2022,downloaded
CA3901369,2023,downloaded
CA3901373,2020,missing
CA3901373,2021,missing
CA3901373,2022,downloaded
CA3901373,2023,downloaded
CA3901377,2020,downloaded
CA3901377,2021,downloaded
CA3901377,2022,downloaded
CA3901377,2023,downloaded
CA3901378,2020,downloaded
CA3901378,2021,downloaded
CA3901378,2022,downloaded
CA3901378,2023,downloaded
CA3901382,2020,missing
CA3901382,2021,downloaded
CA3901382,2022,missing
CA3901382,2023,downloaded
CA3901387,2020,missing
CA3901387,2021,missing
CA3901387,2022,downloaded
CA3901387,2023,downloaded
CA3901390,2020,downloaded
CA3901390,2021,downloaded
CA3901390,2022,downloaded
CA3901390,2023,downloaded
CA3901392,2020,missing
CA3901392,2021,missing
CA3901392,2022,downloaded
CA3901392,2023,downloaded
CA3901394,2020,downloaded
CA3901394,2021,downloaded
CA3901394,2022,downloaded
CA3901394,2023,missing
CA3901400,2020,downloaded
CA3901400,2021,downloaded
CA3901400,2022,downloaded
CA3901400,2023,downloaded
CA3901404,2020,downloaded
CA3901404,2021,downloaded
CA3901404,2022,downloaded
CA3901404,2023,downloaded
CA3901407,2020,missing
CA3901407,2021,downloaded
CA3901407,2022,downloaded
CA3901407,2023,downloaded
CA3901409,2020,downloaded
CA3901409,2021,downloaded
CA3901409,2022,downloaded
CA3901409,2023,downloaded
CA3901414,2020,downloaded
CA3901414,2021,downloaded
CA3901414,2022,downloaded
CA3901414,2023,downloaded
CA3901417,2020,downloaded
CA3901417,2021,downloaded
CA3901417,2022,missing
CA3901417,2023,downloaded
CA3901418,2020,downloaded
CA3901418,2021,downloaded
CA3901418,2022,downloaded
CA3901418,2023,downloaded
CA3901421,2020,downloaded
CA3901421,2021,downloaded
CA3901421,2022,downloaded
CA3901421,2023,downloaded
CA3901423,2020,downloaded
CA3901423,2021,downloaded
CA3901423,2022,downloaded
CA3901423,2023,downloaded
CA3901424,2020,missing
CA3901424,2021,missing
CA3901424,2022,missing
CA3901424,2023,missing
CA3901425,2020,downloaded
CA3901425,2021,downloaded
CA3901425,2022,downloaded
CA3901425,2023,downloaded
CA3901429,2020,missing
CA3901429,2021,missing
CA3901429,2022,downloaded
CA3901429,2023,missing
CA3901442,2020,downloaded
CA3901442,2021,downloaded
CA3901442,2022,downloaded
CA3901442,2023,missing
CA3901456,2020,missing
CA3901456,2021,downloaded
CA3901456,2022,missing
CA3901456,2023,missing
CA3901461,2020,missing
CA3901461,2021,downloaded
CA3901461,2022,downloaded
CA3901461,2023,downloaded
CA3901463,2020,downloaded
CA3901463,2021,downloaded
CA3901463,2022,downloaded
CA3901463,2023,downloaded
CA3901466,2020,missing
CA3901466,2021,missing
CA3901466,2022,missing
CA3901466,2023,missing
CA3901473,2020,downloaded
CA3901473,2021,downloaded
CA3901473,2022,downloaded
CA3901473,2023,downloaded
CA3901477,2020,downloaded
CA3901477,2021,downloaded
CA3901477,2022,downloaded
CA3901477,2023,downloaded
CA3901480,2020,missing
CA3901480,2021,downloaded
CA3901480,2022,missing
CA3901480,2023,missing
CA3901481,2020,downloaded
CA3901481,2021,downloaded
CA3901481,2022,downloaded
CA3901481,2023,downloaded
CA3901486,2020,missing
CA3901486,2021,missing
CA3901486,2022,missing
CA3901486,2023,missing
CA3902136,2020,missing
CA3902136,2021,downloaded
CA3902136,2022,downloaded
CA3902136,2023,missing
CA3902172,2020,missing
CA3902172,2021,downloaded
CA3902172,2022,missing
CA3902172,2023,missing
CA3902180,2020,downloaded
CA3902180,2021,missing
CA3902180,2022,downloaded
CA3902180,2023,missing
CA3902181,2020,downloaded
CA3902181,2021,downloaded
CA3902181,2022,downloaded
CA3902181,2023,downloaded
CA3902184,2020,missing
CA3902184,2021,missing
CA3902184,2022,downloaded
CA3902184,2023,downloaded
CA3902189,2020,downloaded
CA3902189,2021,downloaded
CA3902189,2022,downloaded
CA3902189,2023,downloaded
CA3902211,2020,missing
CA3902211,2021,downloaded
CA3902211,2022,downloaded
CA3902211,2023,downloaded
CA3902212,2020,missing
CA3902212,2021,missing
CA3902212,2022,missing
CA3902212,2023,missing
CA3902215,2020,missing
CA3902215,2021,missing
CA3902215,2022,downloaded
CA3902215,2023,downloaded
CA3910006,2020,missing
CA3910006,2021,missing
CA3910006,2022,missing
CA3910006,2023,missing
CA3910025,2020,downloaded
CA3910025,2021,downloaded
CA3910025,2022,downloaded
CA3910025,2023,downloaded
CA4000205,2020,downloaded
CA4000205,2021,downloaded
CA4000205,2022,downloaded
CA4000205,2023,downloaded
CA4000208,2020,downloaded
CA4000208,2021,downloaded
CA4000208,2022,downloaded
CA4000208,2023,downloaded
CA4000209,2020,missing
CA4000209,2021,downloaded
CA4000209,2022,downloaded
CA4000209,2023,downloaded
CA4000211,2020,downloaded
CA4000211,2021,missing
CA4000211,2022,downloaded
CA4000211,2023,downloaded
CA4000216,2020,missing
CA4000216,2021,missing
CA4000216,2022,missing
CA4000216,2023,missing
CA4000221,2020,downloaded
CA4000221,2021,downloaded
CA4000221,2022,downloaded
CA4000221,2023,downloaded
CA4000224,2020,missing
CA4000224,2021,downloaded
CA4000224,2022,downloaded
CA4000224,2023,missing
CA4000555,2020,missing
CA4000555,2021,missing
CA4000555,2022,downloaded
CA4000555,2023,downloaded
CA4000589,2020,missing
CA4000589,2021,downloaded
CA4000589,2022,downloaded
CA4000589,2023,downloaded
CA4000590,2020,missing
CA4000590,2021,missing
CA4000590,2022,missing
CA4000590,2023,missing
CA4000598,2020,missing
CA4000598,2021,missing
CA4000598,2022,missing
CA4000598,2023,missing
CA4000604,2020,downloaded
CA4000604,2021,downloaded
CA4000604,2022,downloaded
CA4000604,2023,downloaded
CA4000620,2020,downloaded
CA4000620,2021,downloaded
CA4000620,2022,downloaded
CA4000620,2023,downloaded
CA4000623,2020,missing
CA4000623,2021,missing
CA4000623,2022,missing
CA4000623,2023,missing
CA4000671,2020,missing
CA4000671,2021,missing
CA4000671,2022,missing
CA4000671,2023,missing
CA4000684,2020,missing
CA4000684,2021,missing
CA4000684,2022,missing
CA4000684,2023,missing
CA4000689,2020,missing
CA4000689,2021,downloaded
CA4000689,2022,missing
CA4000689,2023,downloaded
CA4000692,2020,downloaded
CA4000692,2021,downloaded
CA4000692,2022,downloaded
CA4000692,2023,downloaded
CA4000722,2020,downloaded
CA4000722,2021,downloaded
CA4000722,2022,downloaded
CA4000722,2023,downloaded
CA4000725,2020,missing
CA4000725,2021,downloaded
CA4000725,2022,downloaded
CA4000725,2023,downloaded
CA4000730,2020,downloaded
CA4000730,2021,downloaded
CA4000730,2022,downloaded
CA4000730,2023,downloaded
CA4000734,2020,missing
CA4000734,2021,downloaded
CA4000734,2022,downloaded
CA4000734,2023,downloaded
CA4000752,2020,missing
CA4000752,2021,missing
CA4000752,2022,missing
CA4000752,2023,missing
CA4000753,2020,missing
CA4000753,2021,downloaded
CA4000753,2022,downloaded
CA4000753,2023,downloaded
CA4000766,2020,missing
CA4000766,2021,missing
CA4000766,2022,missing
CA4000766,2023,downloaded
CA4000768,2020,missing
CA4000768,2021,missing
CA4000768,2022,missing
CA4000768,2023,downloaded
CA4000770,2020,downloaded
CA4000770,2021,downloaded
CA4000770,2022,downloaded
CA4000770,2023,downloaded
CA4000778,2020,downloaded
CA4000778,2021,downloaded
CA4000778,2022,downloaded
CA4000778,2023,downloaded
CA4000780,2020,missing
CA4000780,2021,missing
CA4000780,2022,missing
CA4000780,2023,missing
CA4000781,2020,downloaded
CA4000781,2021,missing
CA4000781,2022,missing
CA4000781,2023,missing
CA4000800,2020,downloaded
CA4000800,2021,downloaded
CA4000800,2022,downloaded
CA4000800,2023,downloaded
CA4000806,2020,missing
CA4000806,2021,missing
CA4000806,2022,downloaded
CA4000806,2023,missing
CA4000817,2020,downloaded
CA4000817,2021,downloaded
CA4000817,2022,downloaded
CA4000817,2023,downloaded
CA4000819,2020,downloaded
CA4000819,2021,downloaded
CA4000819,2022,downloaded
CA4000819,2023,downloaded
CA4000825,2020,downloaded
CA4000825,2021,downloaded
CA4000825,2022,downloaded
CA4000825,2023,downloaded
CA4000835,2020,missing
CA4000835,2021,missing
CA4000835,2022,missing
CA4000835,2023,downloaded
CA4000843,2020,missing
CA4000843,2021,missing
CA4000843,2022,missing
CA4000843,2023,downloaded
CA4000846,2020,missing
CA4000846,2021,missing
CA4000846,2022,missing
CA4000846,2023,downloaded
CA4000852,2020,missing
CA4000852,2021,missing
CA4000852,2022,missing
CA4000852,2023,downloaded
CA4000856,2020,missing
CA4000856,2021,missing
CA4000856,2022,missing
CA4000856,2023,missing
CA4010022,2020,downloaded
CA4010022,2021,downloaded
CA4010022,2022,downloaded
CA4010022,2023,downloaded
CA4010030,2020,missing
CA4010030,2021,missing
CA4010030,2022,missing
CA4010030,2023,downloaded
CA4010080,2020,downloaded
CA4010080,2021,downloaded
CA4010080,2022,downloaded
CA4010080,2023,downloaded
CA4010300,2020,missing
CA4010300,2021,downloaded
CA4010300,2022,downloaded
CA4010300,2023,downloaded
CA4200630,2020,downloaded
CA4200630,2021,downloaded
CA4200630,2022,missing
CA4200630,2023,missing
CA4200634,2020,downloaded
CA4200634,2021,downloaded
CA4200634,2022,missing
CA4200634,2023,downloaded
CA4200639,2020,downloaded
CA4200639,2021,downloaded
CA4200639,2022,downloaded
CA4200639,2023,downloaded
CA4200666,2020,downloaded
CA4200666,2021,downloaded
CA4200666,2022,downloaded
CA4200666,2023,downloaded
CA4200691,2020,downloaded
CA4200691,2021,downloaded
CA4200691,2022,missing
CA4200691,2023,downloaded
CA4200718,2020,downloaded
CA4200718,2021,downloaded
CA4200718,2022,downloaded
CA4200718,2023,downloaded
CA4200725,2020,downloaded
CA4200725,2021,downloaded
CA4200725,2022,downloaded
CA4200725,2023,missing
CA4200743,2020,downloaded
CA4200743,2021,downloaded
CA4200743,2022,missing
CA4200743,2023,downloaded
CA4200747,2020,downloaded
CA4200747,2021,downloaded
CA4200747,2022,downloaded
CA4200747,2023,downloaded
CA4200832,2020,missing
CA4200832,2021,downloaded
CA4200832,2022,downloaded
CA4200832,2023,downloaded
CA4200833,2020,missing
CA4200833,2021,downloaded
CA4200833,2022,downloaded
CA4200833,2023,downloaded
CA4200854,2020,downloaded
CA4200854,2021,downloaded
CA4200854,2022,downloaded
CA4200854,2023,downloaded
CA4200866,2020,downloaded
CA4200866,2021,downloaded
CA4200866,2022,downloaded
CA4200866,2023,downloaded
CA4200879,2020,missing
CA4200879,2021,missing
CA4200879,2022,missing
CA4200879,2023,missing
CA4200907,2020,downloaded
CA4200907,2021,downloaded
CA4200907,2022,missing
CA4200907,2023,missing
CA4200930,2020,downloaded
CA4200930,2021,downloaded
CA4200930,2022,downloaded
CA4200930,2023,downloaded
CA4200943,2020,missing
CA4200943,2021,downloaded
CA4200943,2022,downloaded
CA4200943,2023,downloaded
CA4200947,2020,downloaded
CA4200947,2021,downloaded
CA4200947,2022,downloaded
CA4200947,2023,downloaded
CA4200962,2020,downloaded
CA4200962,2021,downloaded
CA4200962,2022,downloaded
CA4200962,2023,downloaded
CA4200963,2020,downloaded
CA4200963,2021,downloaded
CA4200963,2022,downloaded
CA4200963,2023,downloaded
CA4200974,2020,downloaded
CA4200974,2021,downloaded
CA4200974,2022,downloaded
CA4200974,2023,downloaded
CA4200977,2020,missing
CA4200977,2021,downloaded
CA4200977,2022,downloaded
CA4200977,2023,downloaded
CA4200983,2020,missing
CA4200983,2021,missing
CA4200983,2022,missing
CA4200983,2023,missing
CA4210028,2020,missing
CA4210028,2021,missing
CA4210028,2022,missing
CA4210028,2023,missing
CA4210030,2020,downloaded
CA4210030,2021,downloaded
CA4210030,2022,missing
CA4210030,2023,downloaded
CA4310027,2020,missing
CA4310027,2021,missing
CA4310027,2022,missing
CA4310027,2023,missing
CA4400543,2020,downloaded
CA4400543,2021,downloaded
CA4400543,2022,downloaded
CA4400543,2023,downloaded
CA4500011,2020,missing
CA4500011,2021,missing
CA4500011,2022,downloaded
CA4500011,2023,missing
CA4500035,2020,downloaded
CA4500035,2021,downloaded
CA4500035,2022,downloaded
CA4500035,2023,missing
CA4500037,2020,downloaded
CA4500037,2021,downloaded
CA4500037,2022,downloaded
CA4500037,2023,downloaded
CA4500041,2020,missing
CA4500041,2021,missing
CA4500041,2022,downloaded
CA4500041,2023,missing
CA4500113,2020,missing
CA4500113,2021,missing
CA4500113,2022,downloaded
CA4500113,2023,missing
CA4500149,2020,downloaded
CA4500149,2021,downloaded
CA4500149,2022,downloaded
CA4500149,2023,downloaded
CA4500160,2020,missing
CA4500160,2021,missing
CA4500160,2022,downloaded
CA4500160,2023,missing
CA4500161,2020,missing
CA4500161,2021,missing
CA4500161,2022,downloaded
CA4500161,2023,missing
CA4500163,2020,missing
CA4500163,2021,missing
CA4500163,2022,downloaded
CA4500163,2023,missing
CA4500170,2020,downloaded
CA4500170,2021,downloaded
CA4500170,2022,downloaded
CA4500170,2023,downloaded
CA4500180,2020,missing
CA4500180,2021,missing
CA4500180,2022,downloaded
CA4500180,2023,missing
CA4500183,2020,missing
CA4500183,2021,missing
CA4500183,2022,downloaded
CA4500183,2023,missing
CA4500190,2020,missing
CA4500190,2021,missing
CA4500190,2022,downloaded
CA4500190,2023,missing
CA4500191,2020,missing
CA4500191,2021,missing
CA4500191,2022,downloaded
CA4500191,2023,missing
CA4500208,2020,missing
CA4500208,2021,missing
CA4500208,2022,downloaded
CA4500208,2023,missing
CA4500213,2020,missing
CA4500213,2021,missing
CA4500213,2022,downloaded
CA4500213,2023,missing
CA4500214,2020,missing
CA4500214,2021,missing
CA4500214,2022,downloaded
CA4500214,2023,missing
CA4500216,2020,missing
CA4500216,2021,missing
CA4500216,2022,downloaded
CA4500216,2023,missing
CA4500230,2020,missing
CA4500230,2021,downloaded
CA4500230,2022,missing
CA4500230,2023,missing
CA4500274,2020,missing
CA4500274,2021,missing
CA4500274,2022,missing
CA4500274,2023,missing
CA4500277,2020,downloaded
CA4500277,2021,downloaded
CA4500277,2022,downloaded
CA4500277,2023,missing
CA4500315,2020,downloaded
CA4500315,2021,missing
CA4500315,2022,downloaded
CA4500315,2023,downloaded
CA4500322,2020,missing
CA4500322,2021,missing
CA4500322,2022,downloaded
CA4500322,2023,missing
CA4500328,2020,missing
CA4500328,2021,missing
CA4500328,2022,downloaded
CA4500328,2023,missing
CA4500333,2020,missing
CA4500333,2021,missing
CA4500333,2022,missing
CA4500333,2023,missing
CA4500337,2020,missing
CA4500337,2021,missing
CA4500337,2022,downloaded
CA4500337,2023,missing
CA4500341,2020,missing
CA4500341,2021,missing
CA4500341,2022,downloaded
CA4500341,2023,missing
CA4500344,2020,missing
CA4500344,2021,missing
CA4500344,2022,downloaded
CA4500344,2023,missing
CA4800595,2020,downloaded
CA4800595,2021,downloaded
CA4800595,2022,downloaded
CA4800595,2023,downloaded
CA4800596,2020,downloaded
CA4800596,2021,downloaded
CA4800596,2022,downloaded
CA4800596,2023,downloaded
CA4800615,2020,downloaded
CA4800615,2021,downloaded
CA4800615,2022,downloaded
CA4800615,2023,downloaded
CA4800727,2020,downloaded
CA4800727,2021,downloaded
CA4800727,2022,downloaded
CA4800727,2023,downloaded
CA4800767,2020,downloaded
CA4800767,2021,downloaded
CA4800767,2022,downloaded
CA4800767,2023,downloaded
CA4800801,2020,downloaded
CA4800801,2021,downloaded
CA4800801,2022,downloaded
CA4800801,2023,downloaded
CA4800820,2020,missing
CA4800820,2021,missing
CA4800820,2022,missing
CA4800820,2023,missing
CA4800826,2020,downloaded
CA4800826,2021,downloaded
CA4800826,2022,downloaded
CA4800826,2023,downloaded
CA4810015,2020,missing
CA4810015,2021,missing
CA4810015,2022,missing
CA4810015,2023,missing
CA4810020,2020,downloaded
CA4810020,2021,downloaded
CA4810020,2022,downloaded
CA4810020,2023,downloaded
CA4810030,2020,downloaded
CA4810030,2021,downloaded
CA4810030,2022,downloaded
CA4810030,2023,downloaded
CA4810033,2020,downloaded
CA4810033,2021,downloaded
CA4810033,2022,downloaded
CA4810033,2023,downloaded
CA4810038,2020,downloaded
CA4810038,2021,downloaded
CA4810038,2022,missing
CA4810038,2023,downloaded
CA4810040,2020,downloaded
CA4810040,2021,downloaded
CA4810040,2022,downloaded
CA4810040,2023,downloaded
CA4810043,2020,missing
CA4810043,2021,downloaded
CA4810043,2022,downloaded
CA4810043,2023,downloaded
CA4901335,2020,missing
CA4901335,2021,missing
CA4901335,2022,missing
CA4901335,2023,missing
CA4901471,2020,missing
CA4901471,2021,missing
CA4901471,2022,missing
CA4901471,2023,missing
CA4901475,2020,missing
CA4901475,2021,missing
CA4901475,2022,missing
CA4901475,2023,missing
CA4910020,2020,missing
CA4910020,2021,missing
CA4910020,2022,missing
CA4910020,2023,missing
CA5000189,2020,downloaded
CA5000189,2021,downloaded
CA5000189,2022,downloaded
CA5000189,2023,downloaded
CA5000440,2020,downloaded
CA5000440,2021,downloaded
CA5000440,2022,downloaded
CA5000440,2023,downloaded
CA5000599,2020,downloaded
CA5000599,2021,downloaded
CA5000599,2022,downloaded
CA5000599,2023,downloaded
CA5000600,2020,downloaded
CA5000600,2021,downloaded
CA5000600,2022,downloaded
CA5000600,2023,downloaded
CA5000603,2020,missing
CA5000603,2021,missing
CA5000603,2022,missing
CA5000603,2023,missing
CA5010038,2020,missing
CA5010038,2021,missing
CA5010038,2022,missing
CA5010038,2023,missing
CA5010040,2020,missing
CA5010040,2021,missing
CA5010040,2022,downloaded
CA5010040,2023,missing
CA5100136,2020,downloaded
CA5100136,2021,missing
CA5100136,2022,downloaded
CA5100136,2023,downloaded
CA5100138,2020,downloaded
CA5100138,2021,downloaded
CA5100138,2022,downloaded
CA5100138,2023,downloaded
CA5100140,2020,downloaded
CA5100140,2021,missing
CA5100140,2022,missing
CA5100140,2023,downloaded
CA5100141,2020,downloaded
CA5100141,2021,downloaded
CA5100141,2022,downloaded
CA5100141,2023,downloaded
CA5100142,2020,downloaded
CA5100142,2021,downloaded
CA5100142,2022,downloaded
CA5100142,2023,downloaded
CA5100143,2020,downloaded
CA5100143,2021,missing
CA5100143,2022,missing
CA5100143,2023,downloaded
CA5100153,2020,downloaded
CA5100153,2021,downloaded
CA5100153,2022,downloaded
CA5100153,2023,downloaded
CA5100172,2020,downloaded
CA5100172,2021,downloaded
CA5100172,2022,downloaded
CA5100172,2023,downloaded
CA5102009,2020,missing
CA5102009,2021,missing
CA5102009,2022,downloaded
CA5102009,2023,downloaded
CA5102032,2020,downloaded
CA5102032,2021,downloaded
CA5102032,2022,downloaded
CA5102032,2023,downloaded
CA5103015,2020,downloaded
CA5103015,2021,downloaded
CA5103015,2022,downloaded
CA5103015,2023,missing
CA5105011,2020,downloaded
CA5105011,2021,downloaded
CA5105011,2022,downloaded
CA5105011,2023,downloaded
CA5105013,2020,downloaded
CA5105013,2021,downloaded
CA5105013,2022,downloaded
CA5105013,2023,missing
CA5105014,2020,downloaded
CA5105014,2021,downloaded
CA5105014,2022,downloaded
CA5105014,2023,missing
CA5200006,2020,downloaded
CA5200006,2021,missing
CA5200006,2022,missing
CA5200006,2023,missing
CA5200015,2020,missing
CA5200015,2021,missing
CA5200015,2022,missing
CA5200015,2023,missing
CA5200506,2020,missing
CA5200506,2021,missing
CA5200506,2022,missing
CA5200506,2023,missing
CA5200507,2020,missing
CA5200507,2021,missing
CA5200507,2022,missing
CA5200507,2023,missing
CA5200511,2020,missing
CA5200511,2021,downloaded
CA5200511,2022,downloaded
CA5200511,2023,missing
CA5200513,2020,missing
CA5200513,2021,downloaded
CA5200513,2022,downloaded
CA5200513,2023,missing
CA5200518,2020,missing
CA5200518,2021,missing
CA5200518,2022,missing
CA5200518,2023,missing
CA5200519,2020,missing
CA5200519,2021,missing
CA5200519,2022,missing
CA5200519,2023,missing
CA5200520,2020,missing
CA5200520,2021,missing
CA5200520,2022,missing
CA5200520,2023,missing
CA5200524,2020,downloaded
CA5200524,2021,downloaded
CA5200524,2022,downloaded
CA5200524,2023,downloaded
CA5200525,2020,missing
CA5200525,2021,missing
CA5200525,2022,missing
CA5200525,2023,missing
CA5200529,2020,missing
CA5200529,2021,missing
CA5200529,2022,downloaded
CA5200529,2023,missing
CA5200540,2020,missing
CA5200540,2021,missing
CA5200540,2022,missing
CA5200540,2023,missing
CA5200541,2020,missing
CA5200541,2021,downloaded
CA5200541,2022,downloaded
CA5200541,2023,missing
CA5200544,2020,missing
CA5200544,2021,missing
CA5200544,2022,missing
CA5200544,2023,missing
CA5200565,2020,missing
CA5200565,2021,missing
CA5200565,2022,missing
CA5200565,2023,missing
CA5200626,2020,missing
CA5200626,2021,downloaded
CA5200626,2022,missing
CA5200626,2023,missing
CA5200655,2020,missing
CA5200655,2021,missing
CA5200655,2022,downloaded
CA5200655,2023,downloaded
CA5200802,2020,missing
CA5200802,2021,missing
CA5200802,2022,missing
CA5200802,2023,downloaded
CA5200809,2020,missing
CA5200809,2021,missing
CA5200809,2022,missing
CA5200809,2023,missing
CA5201055,2020,missing
CA5201055,2021,missing
CA5201055,2022,missing
CA5201055,2023,missing
CA5201057,2020,missing
CA5201057,2021,missing
CA5201057,2022,downloaded
CA5201057,2023,missing
CA5201143,2020,missing
CA5201143,2021,missing
CA5201143,2022,missing
CA5201143,2023,missing
CA5205006,2020,missing
CA5205006,2021,downloaded
CA5205006,2022,downloaded
CA5205006,2023,downloaded
CA5205007,2020,missing
CA5205007,2021,missing
CA5205007,2022,downloaded
CA5205007,2023,missing
CA5205009,2020,missing
CA5205009,2021,missing
CA5205009,2022,downloaded
CA5205009,2023,missing
CA5210800,2020,downloaded
CA5210800,2021,downloaded
CA5210800,2022,downloaded
CA5210800,2023,downloaded
CA5210801,2020,missing
CA5210801,2021,downloaded
CA5210801,2022,downloaded
CA5210801,2023,downloaded
CA5400541,2020,downloaded
CA5400541,2021,downloaded
CA5400541,2022,downloaded
CA5400541,2023,downloaded
CA5400704,2020,missing
CA5400704,2021,downloaded
CA5400704,2022,downloaded
CA5400704,2023,downloaded
CA5400713,2020,downloaded
CA5400713,2021,downloaded
CA5400713,2022,downloaded
CA5400713,2023,downloaded
CA5400714,2020,downloaded
CA5400714,2021,downloaded
CA5400714,2022,downloaded
CA5400714,2023,downloaded
CA5400838,2020,missing
CA5400838,2021,downloaded
CA5400838,2022,downloaded
CA5400838,2023,downloaded
CA5400850,2020,missing
CA5400850,2021,downloaded
CA5400850,2022,downloaded
CA5400850,2023,downloaded
CA5400882,2020,downloaded
CA5400882,2021,downloaded
CA5400882,2022,downloaded
CA5400882,2023,downloaded
CA5400887,2020,downloaded
CA5400887,2021,downloaded
CA5400887,2022,downloaded
CA5400887,2023,downloaded
CA5400969,2020,downloaded
CA5400969,2021,downloaded
CA5400969,2022,downloaded
CA5400969,2023,downloaded
CA5400972,2020,downloaded
CA5400972,2021,downloaded
CA5400972,2022,downloaded
CA5400972,2023,downloaded
CA5401033,2020,downloaded
CA5401033,2021,downloaded
CA5401033,2022,downloaded
CA5401033,2023,downloaded
CA5402013,2020,downloaded
CA5402013,2021,downloaded
CA5402013,2022,downloaded
CA5402013,2023,downloaded
CA5402050,2020,downloaded
CA5402050,2021,downloaded
CA5402050,2022,downloaded
CA5402050,2023,downloaded
CA5403031,2020,downloaded
CA5403031,2021,downloaded
CA5403031,2022,downloaded
CA5403031,2023,missing
CA5403032,2020,downloaded
CA5403032,2021,downloaded
CA5403032,2022,downloaded
CA5403032,2023,downloaded
CA5403055,2020,downloaded
CA5403055,2021,downloaded
CA5403055,2022,downloaded
CA5403055,2023,downloaded
CA5403080,2020,downloaded
CA5403080,2021,downloaded
CA5403080,2022,downloaded
CA5403080,2023,downloaded
CA5403081,2020,downloaded
CA5403081,2021,downloaded
CA5403081,2022,downloaded
CA5403081,2023,downloaded
CA5403127,2020,downloaded
CA5403127,2021,downloaded
CA5403127,2022,downloaded
CA5403127,2023,downloaded
CA5403131,2020,missing
CA5403131,2021,downloaded
CA5403131,2022,downloaded
CA5403131,2023,downloaded
CA5403139,2020,downloaded
CA5403139,2021,downloaded
CA5403139,2022,downloaded
CA5403139,2023,downloaded
CA5403140,2020,downloaded
CA5403140,2021,downloaded
CA5403140,2022,downloaded
CA5403140,2023,downloaded
CA5403141,2020,downloaded
CA5403141,2021,downloaded
CA5403141,2022,downloaded
CA5403141,2023,downloaded
CA5403145,2020,downloaded
CA5403145,2021,downloaded
CA5403145,2022,downloaded
CA5403145,2023,missing
CA5403146,2020,downloaded
CA5403146,2021,downloaded
CA5403146,2022,downloaded
CA5403146,2023,downloaded
CA5403148,2020,downloaded
CA5403148,2021,downloaded
CA5403148,2022,downloaded
CA5403148,2023,downloaded
CA5403152,2020,downloaded
CA5403152,2021,downloaded
CA5403152,2022,downloaded
CA5403152,2023,downloaded
CA5403205,2020,downloaded
CA5403205,2021,downloaded
CA5403205,2022,downloaded
CA5403205,2023,downloaded
CA5500221,2020,missing
CA5500221,2021,downloaded
CA5500221,2022,downloaded
CA5500221,2023,downloaded
CA5500259,2020,downloaded
CA5500259,2021,downloaded
CA5500259,2022,downloaded
CA5500259,2023,downloaded
CA5601135,2020,missing
CA5601135,2021,downloaded
CA5601135,2022,downloaded
CA5601135,2023,downloaded
CA5601139,2020,downloaded
CA5601139,2021,downloaded
CA5601139,2022,missing
CA5601139,2023,downloaded
CA5601405,2020,missing
CA5601405,2021,downloaded
CA5601405,2022,downloaded
CA5601405,2023,downloaded
CA5601721,2020,downloaded
CA5601721,2021,missing
CA5601721,2022,downloaded
CA5601721,2023,downloaded
CA5602133,2020,missing
CA5602133,2021,missing
CA5602133,2022,missing
CA5602133,2023,downloaded
CA5602302,2020,missing
CA5602302,2021,downloaded
CA5602302,2022,downloaded
CA5602302,2023,downloaded
CA5602403,2020,downloaded
CA5602403,2021,downloaded
CA5602403,2022,downloaded
CA5602403,2023,downloaded
CA5602407,2020,missing
CA5602407,2021,downloaded
CA5602407,2022,downloaded
CA5602407,2023,downloaded
CA5602513,2020,downloaded
CA5602513,2021,downloaded
CA5602513,2022,downloaded
CA5602513,2023,downloaded
CA5602514,2020,downloaded
CA5602514,2021,downloaded
CA5602514,2022,downloaded
CA5602514,2023,downloaded
CA5602516,2020,downloaded
CA5602516,2021,downloaded
CA5602516,2022,downloaded
CA5602516,2023,downloaded
CA5602656,2020,downloaded
CA5602656,2021,downloaded
CA5602656,2022,downloaded
CA5602656,2023,downloaded
CA5603116,2020,missing
CA5603116,2021,downloaded
CA5603116,2022,downloaded
CA5603116,2023,downloaded
CA5603117,2020,downloaded
CA5603117,2021,downloaded
CA5603117,2022,downloaded
CA5603117,2023,downloaded
CA5603118,2020,missing
CA5603118,2021,downloaded
CA5603118,2022,downloaded
CA5603118,2023,downloaded
CA5603122,2020,downloaded
CA5603122,2021,downloaded
CA5603122,2022,missing
CA5603122,2023,downloaded
CA5610046,2020,downloaded
CA5610046,2021,downloaded
CA5610046,2022,downloaded
CA5610046,2023,downloaded
CA5610050,2020,missing
CA5610050,2021,downloaded
CA5610050,2022,downloaded
CA5610050,2023,downloaded
CA5700508,2020,missing
CA5700508,2021,downloaded
CA5700508,2022,downloaded
CA5700508,2023,missing
CA5700509,2020,missing
CA5700509,2021,downloaded
CA5700509,2022,missing
CA5700509,2023,missing
CA5700514,2020,downloaded
CA5700514,2021,downloaded
CA5700514,2022,downloaded
CA5700514,2023,downloaded
CA5700523,2020,missing
CA5700523,2021,missing
CA5700523,2022,downloaded
CA5700523,2023,downloaded
CA5700537,2020,downloaded
CA5700537,2021,downloaded
CA5700537,2022,downloaded
CA5700537,2023,downloaded
CA5700539,2020,missing
CA5700539,2021,downloaded
CA5700539,2022,downloaded
CA5700539,2023,downloaded
CA5700542,2020,downloaded
CA5700542,2021,downloaded
CA5700542,2022,downloaded
CA5700542,2023,downloaded
CA5700552,2020,missing
CA5700552,2021,downloaded
CA5700552,2022,downloaded
CA5700552,2023,downloaded
CA5700617,2020,downloaded
CA5700617,2021,downloaded
CA5700617,2022,downloaded
CA5700617,2023,downloaded
CA5700652,2020,downloaded
CA5700652,2021,downloaded
CA5700652,2022,downloaded
CA5700652,2023,downloaded
CA5700702,2020,missing
CA5700702,2021,downloaded
CA5700702,2022,downloaded
CA5700702,2023,missing
CA5700714,2020,downloaded
CA5700714,2021,missing
CA5700714,2022,missing
CA5700714,2023,downloaded
CA5700730,2020,downloaded
CA5700730,2021,downloaded
CA5700730,2022,downloaded
CA5700730,2023,downloaded
CA5700748,2020,downloaded
CA5700748,2021,downloaded
CA5700748,2022,downloaded
CA5700748,2023,downloaded
CA5700754,2020,downloaded
CA5700754,2021,downloaded
CA5700754,2022,downloaded
CA5700754,2023,downloaded
CA5700758,2020,missing
CA5700758,2021,missing
CA5700758,2022,missing
CA5700758,2023,downloaded
CA5700761,2020,downloaded
CA5700761,2021,downloaded
CA5700761,2022,downloaded
CA5700761,2023,downloaded
CA5700764,2020,downloaded
CA5700764,2021,downloaded
CA5700764,2022,downloaded
CA5700764,2023,downloaded
CA5700768,2020,missing
CA5700768,2021,missing
CA5700768,2022,missing
CA5700768,2023,missing
CA5700773,2020,downloaded
CA5700773,2021,missing
CA5700773,2022,downloaded
CA5700773,2023,downloaded
CA5700778,2020,missing
CA5700778,2021,downloaded
CA5700778,2022,missing
CA5700778,2023,downloaded
CA5700784,2020,missing
CA5700784,2021,downloaded
CA5700784,2022,missing
CA5700784,2023,missing
CA5700785,2020,downloaded
CA5700785,2021,downloaded
CA5700785,2022,downloaded
CA5700785,2023,downloaded
CA5700795,2020,missing
CA5700795,2021,downloaded
CA5700795,2022,downloaded
CA5700795,2023,downloaded
CA5700798,2020,downloaded
CA5700798,2021,downloaded
CA5700798,2022,downloaded
CA5700798,2023,downloaded
CA5700804,2020,missing
CA5700804,2021,missing
CA5700804,2022,missing
CA5700804,2023,missing
CA5700816,2020,missing
CA5700816,2021,missing
CA5700816,2022,missing
CA5700816,2023,downloaded
CA5700827,2020,downloaded
CA5700827,2021,downloaded
CA5700827,2022,downloaded
CA5700827,2023,downloaded
CA5710012,2020,missing
CA5710012,2021,missing
CA5710012,2022,missing
CA5710012,2023,missing
CA5710013,2020,downloaded
CA5710013,2021,downloaded
CA5710013,2022,downloaded
CA5710013,2023,downloaded
CA5800006,2020,missing
CA5800006,2021,missing
CA5800006,2022,missing
CA5800006,2023,missing
CA5800800,2020,missing
CA5800800,2021,missing
CA5800800,2022,missing
CA5800800,2023,missing
CA5800809,2020,missing
CA5800809,2021,missing
CA5800809,2022,downloaded
CA5800809,2023,missing
CA5800810,2020,missing
CA5800810,2021,missing
CA5800810,2022,missing
CA5800810,2023,missing
CA5800840,2020,missing
CA5800840,2021,missing
CA5800840,2022,missing
CA5800840,2023,missing
CA5800843,2020,missing
CA5800843,2021,missing
CA5800843,2022,missing
CA5800843,2023,missing
CA5800844,2020,missing
CA5800844,2021,missing
CA5800844,2022,missing
CA5800844,2023,missing
CA5800845,2020,missing
CA5800845,2021,missing
CA5800845,2022,missing
CA5800845,2023,missing
CA5800847,2020,missing
CA5800847,2021,missing
CA5800847,2022,missing
CA5800847,2023,missing
CA5800899,2020,missing
CA5800899,2021,missing
CA5800899,2022,missing
CA5800899,2023,missing
CA5800909,2020,missing
CA5800909,2021,missing
CA5800909,2022,missing
CA5800909,2023,missing
CA5800913,2020,missing
CA5800913,2021,missing
CA5800913,2022,missing
CA5800913,2023,missing
CA5800915,2020,missing
CA5800915,2021,missing
CA5800915,2022,missing
CA5800915,2023,missing
CA5800919,2020,missing
CA5800919,2021,missing
CA5800919,2022,missing
CA5800919,2023,downloaded
