id,n_ccr
CA0103040,4
CA0103041,2
CA0105008,3
CA0105020,3
CA0110001,3
CA0110003,4
CA0110005,4
CA0110006,3
CA0110008,4
CA0110009,4
CA0110011,3
CA0110012,4
CA0110016,3
CA0202501,2
CA0202503,4
CA0202504,4
CA0202522,2
CA0202599,2
CA0210001,4
CA0210002,4
CA0300011,3
CA0300016,2
CA0300019,1
CA0300024,4
CA0300037,3
CA0300053,4
CA0300062,3
CA0300078,1
CA0300448,3
CA0301038,4
CA0310001,4
CA0310002,4
CA0310003,4
CA0310004,4
CA0310005,3
CA0310006,4
CA0310008,4
CA0310011,2
CA0310012,4
CA0310018,2
CA0310019,4
CA0310021,4
CA0400001,3
CA0400004,1
CA0400007,1
CA0400008,1
CA0400012,4
CA0400013,2
CA0400016,1
CA0400019,3
CA0400023,3
CA0400040,3
CA0400062,2
CA0400067,3
CA0400068,1
CA0400070,2
CA0400091,4
CA0400123,2
CA0400149,2
CA0400150,3
CA0400151,1
CA0400154,1
CA0400161,4
CA0400162,1
CA0405001,4
CA0405003,2
CA0409181,1
CA0410001,4
CA0410002,4
CA0410003,2
CA0410004,2
CA0410005,4
CA0410006,4
CA0410007,4
CA0410008,3
CA0410009,4
CA0410011,4
CA0410012,4
CA0410018,4
CA0500019,3
CA0500027,1
CA0500068,4
CA0500095,1
CA0510001,1
CA0510002,4
CA0510003,2
CA0510004,4
CA0510005,4
CA0510006,4
CA0510009,4
CA0510010,4
CA0510011,3
CA0510012,4
CA0510016,4
CA0510017,4
CA0510019,4
CA0600005,4
CA0600008,4
CA0600012,4
CA0600013,4
CA0600065,4
CA0605002,4
CA0605004,4
CA0605007,4
CA0605011,4
CA0605012,4
CA0610001,4
CA0610002,4
CA0610003,4
CA0610004,4
CA0706029,1
CA0707501,1
CA0707507,2
CA0707517,1
CA0707523,2
CA0707547,2
CA0707553,1
CA0707569,1
CA0707572,2
CA0707575,3
CA0707577,4
CA0707613,4
CA0707623,2
CA0710001,4
CA0710002,4
CA0710003,4
CA0710004,4
CA0710006,3
CA0710007,3
CA0710008,4
CA0710009,4
CA0710800,4
CA0800532,1
CA0800548,1
CA0800552,2
CA0800555,1
CA0800556,1
CA0800557,2
CA0800605,1
CA0800700,3
CA0800800,2
CA0810001,3
CA0810002,2
CA0810800,2
CA0900102,4
CA0900111,4
CA0900112,4
CA0900210,4
CA0900300,4
CA0900304,4
CA0900308,4
CA0900309,4
CA0900404,4
CA0900410,4
CA0900422,4
CA0900529,4
CA0901217,4
CA0910001,4
CA0910002,1
CA0910003,3
CA0910006,3
CA0910007,2
CA0910012,2
CA0910013,2
CA0910015,2
CA0910017,4
CA0910018,4
CA0910019,3
CA1000004,4
CA1000005,4
CA1000018,4
CA1000019,4
CA1000021,4
CA1000023,4
CA1000039,4
CA1000040,4
CA1000041,4
CA1000042,4
CA1000053,4
CA1000056,4
CA1000057,4
CA1000060,4
CA1000061,4
CA1000063,4
CA1000069,4
CA1000075,3
CA1000078,4
CA1000104,4
CA1000105,4
CA1000111,4
CA1000136,4
CA1000148,4
CA1000176,4
CA1000177,4
CA1000178,4
CA1000180,4
CA1000181,4
CA1000182,4
CA1000184,4
CA1000185,4
CA1000186,4
CA1000187,4
CA1000189,4
CA1000190,4
CA1000192,4
CA1000193,4
CA1000194,4
CA1000196,4
CA1000198,4
CA1000199,4
CA1000200,4
CA1000201,4
CA1000204,4
CA1000206,4
CA1000208,4
CA1000213,4
CA1000214,4
CA1000217,4
CA1000221,4
CA1000229,4
CA1000238,4
CA1000244,4
CA1000247,4
CA1000257,4
CA1000259,4
CA1000260,4
CA1000265,4
CA1000267,4
CA1000277,1
CA1000280,4
CA1000295,4
CA1000298,4
CA1000299,4
CA1000315,4
CA1000316,4
CA1000324,4
CA1000345,4
CA1000359,4
CA1000361,4
CA1000362,4
CA1000366,4
CA1000367,4
CA1000369,4
CA1000377,3
CA1000378,4
CA1000381,4
CA1000383,4
CA1000405,4
CA1000411,4
CA1000416,3
CA1000424,4
CA1000426,4
CA1000430,4
CA1000440,4
CA1000447,4
CA1000459,4
CA1000461,4
CA1000467,4
CA1000468,3
CA1000471,4
CA1000472,4
CA1000473,4
CA1000476,4
CA1000480,4
CA1000484,4
CA1000485,4
CA1000486,4
CA1000490,4
CA1000495,2
CA1000514,4
CA1000517,1
CA1000526,4
CA1000533,4
CA1000534,4
CA1000541,4
CA1000545,1
CA1000546,4
CA1000548,4
CA1000550,4
CA1000551,4
CA1000553,2
CA1000554,4
CA1000555,4
CA1000562,4
CA1000564,4
CA1000565,4
CA1000566,4
CA1000570,4
CA1000575,4
CA1000576,4
CA1000578,4
CA1000580,4
CA1000583,4
CA1000584,4
CA1000585,3
CA1000586,3
CA1000593,4
CA1000602,4
CA1000607,4
CA1000627,4
CA1000639,4
CA1000641,4
CA1009020,4
CA1009023,4
CA1009027,4
CA1009028,4
CA1009039,4
CA1009051,4
CA1009078,4
CA1009111,4
CA1009120,4
CA1009179,4
CA1009214,4
CA1009222,4
CA1009232,4
CA1010001,4
CA1010003,4
CA1010004,4
CA1010005,4
CA1010006,4
CA1010007,4
CA1010013,4
CA1010017,4
CA1010018,4
CA1010019,4
CA1010020,4
CA1010021,4
CA1010023,4
CA1010024,4
CA1010025,4
CA1010026,4
CA1010027,4
CA1010028,4
CA1010029,4
CA1010030,4
CA1010034,4
CA1010035,4
CA1010039,4
CA1010042,4
CA1010044,4
CA1010049,4
CA1010051,4
CA1010052,4
CA1010053,4
CA1010055,4
CA1010057,4
CA1010062,4
CA1010339,4
CA1010501,4
CA1010800,4
CA1100203,1
CA1100237,1
CA1100254,3
CA1100404,4
CA1100413,1
CA1100436,1
CA1100444,2
CA1100445,2
CA1100452,4
CA1100616,4
CA1100711,1
CA1110001,2
CA1110002,4
CA1110003,4
CA1200518,3
CA1200538,1
CA1200541,1
CA1200544,1
CA1200553,3
CA1200566,3
CA1200579,1
CA1200588,4
CA1200590,4
CA1200591,4
CA1200592,2
CA1200637,1
CA1200643,4
CA1200671,4
CA1200684,1
CA1200687,4
CA1200701,4
CA1200706,2
CA1200707,2
CA1200715,4
CA1200718,3
CA1200729,3
CA1200772,2
CA1200778,3
CA1200817,2
CA1206004,3
CA1206012,1
CA1210001,4
CA1210002,4
CA1210004,4
CA1210006,4
CA1210007,4
CA1210009,4
CA1210010,3
CA1210011,3
CA1210012,4
CA1210013,4
CA1210015,4
CA1210016,4
CA1210017,4
CA1210018,4
CA1210019,3
CA1210020,4
CA1210021,4
CA1210022,4
CA1210023,1
CA1210024,2
CA1210800,3
CA1210801,3
CA1300009,4
CA1300018,3
CA1300513,2
CA1300514,2
CA1300517,2
CA1300546,3
CA1300549,3
CA1300550,4
CA1300553,2
CA1300554,2
CA1300555,3
CA1300556,2
CA1300560,1
CA1300571,4
CA1300572,2
CA1300575,4
CA1300579,4
CA1300588,3
CA1300616,2
CA1300620,2
CA1300622,2
CA1300626,2
CA1300628,2
CA1300629,3
CA1300635,4
CA1300637,4
CA1300638,4
CA1300643,4
CA1300644,2
CA1300652,3
CA1300661,2
CA1300664,2
CA1300668,2
CA1300669,2
CA1310001,3
CA1310002,4
CA1310003,4
CA1310004,4
CA1310005,4
CA1310006,4
CA1310007,4
CA1310008,4
CA1310013,3
CA1310700,4
CA1310800,4
CA1310801,4
CA1400002,4
CA1400004,3
CA1400005,4
CA1400006,3
CA1400007,3
CA1400010,4
CA1400019,4
CA1400020,3
CA1400025,4
CA1400026,4
CA1400027,3
CA1400030,4
CA1400031,4
CA1400034,4
CA1400036,3
CA1400037,4
CA1400045,4
CA1400055,3
CA1400056,4
CA1400059,3
CA1400064,4
CA1400066,4
CA1400068,4
CA1400070,4
CA1400072,2
CA1400078,4
CA1400098,4
CA1400099,4
CA1400109,4
CA1400110,4
CA1400111,4
CA1400135,4
CA1400144,4
CA1400155,4
CA1400503,4
CA1400511,4
CA1400518,4
CA1400522,4
CA1400525,4
CA1400526,4
CA1400527,4
CA1400528,3
CA1410001,4
CA1410005,3
CA1410006,4
CA1410007,3
CA1410008,4
CA1410009,4
CA1410502,4
CA1410503,4
CA1410505,4
CA1410800,4
CA1500050,4
CA1500096,4
CA1500152,4
CA1500209,4
CA1500211,4
CA1500216,4
CA1500231,4
CA1500251,4
CA1500252,3
CA1500289,3
CA1500290,4
CA1500296,4
CA1500314,4
CA1500324,4
CA1500327,4
CA1500333,4
CA1500336,4
CA1500340,4
CA1500341,4
CA1500344,2
CA1500349,4
CA1500364,4
CA1500371,4
CA1500374,4
CA1500378,4
CA1500393,4
CA1500398,4
CA1500401,4
CA1500404,4
CA1500405,1
CA1500406,4
CA1500407,4
CA1500409,4
CA1500413,4
CA1500415,4
CA1500424,4
CA1500426,4
CA1500436,4
CA1500443,4
CA1500447,4
CA1500448,4
CA1500449,4
CA1500452,4
CA1500455,4
CA1500458,4
CA1500459,4
CA1500465,4
CA1500466,4
CA1500475,4
CA1500478,4
CA1500481,4
CA1500483,4
CA1500485,4
CA1500489,4
CA1500491,4
CA1500493,4
CA1500494,4
CA1500495,4
CA1500507,4
CA1500516,4
CA1500518,4
CA1500525,4
CA1500535,4
CA1500540,4
CA1500542,4
CA1500543,4
CA1500544,4
CA1500546,4
CA1500550,4
CA1500553,4
CA1500554,4
CA1500555,4
CA1500556,4
CA1500557,4
CA1500560,4
CA1500561,4
CA1500563,4
CA1500564,4
CA1500566,3
CA1500569,4
CA1500571,4
CA1500575,4
CA1500578,4
CA1500579,4
CA1500584,4
CA1500585,4
CA1500588,4
CA1500591,4
CA1500593,4
CA1500597,4
CA1500599,4
CA1500600,4
CA1502012,4
CA1502034,4
CA1502056,3
CA1502066,4
CA1502068,4
CA1502074,4
CA1502133,4
CA1502154,4
CA1502164,4
CA1502232,4
CA1502247,4
CA1502260,4
CA1502315,4
CA1502320,4
CA1502383,4
CA1502449,4
CA1502465,4
CA1502545,4
CA1502564,4
CA1502569,4
CA1502572,1
CA1502595,4
CA1502600,4
CA1502607,4
CA1502608,4
CA1502619,4
CA1502620,4
CA1502622,4
CA1502629,4
CA1502645,4
CA1502653,4
CA1502659,4
CA1502663,4
CA1502670,3
CA1502690,4
CA1502699,4
CA1502717,1
CA1502744,4
CA1502750,4
CA1502753,4
CA1503093,4
CA1503140,4
CA1503182,4
CA1503226,4
CA1503232,4
CA1503243,4
CA1503270,4
CA1503290,4
CA1503329,4
CA1503341,4
CA1503349,4
CA1503360,4
CA1503368,4
CA1503380,4
CA1503384,4
CA1503475,4
CA1503509,4
CA1503515,4
CA1503526,4
CA1503536,4
CA1503645,4
CA1503660,4
CA1503662,4
CA1503664,4
CA1503669,4
CA1503678,4
CA1503682,4
CA1503683,4
CA1503684,3
CA1503685,4
CA1503688,4
CA1510001,4
CA1510002,4
CA1510003,4
CA1510004,4
CA1510005,4
CA1510006,4
CA1510007,4
CA1510009,4
CA1510011,4
CA1510012,4
CA1510013,4
CA1510014,4
CA1510015,3
CA1510016,4
CA1510017,4
CA1510018,4
CA1510019,4
CA1510020,4
CA1510021,4
CA1510022,4
CA1510023,4
CA1510024,4
CA1510025,4
CA1510026,4
CA1510027,4
CA1510028,4
CA1510029,4
CA1510031,4
CA1510032,4
CA1510033,4
CA1510036,3
CA1510038,4
CA1510039,4
CA1510042,4
CA1510043,4
CA1510045,4
CA1510046,4
CA1510049,4
CA1510051,4
CA1510052,4
CA1510054,4
CA1510055,4
CA1510056,4
CA1510701,4
CA1510702,4
CA1510703,4
CA1510800,4
CA1510801,4
CA1510802,4
CA1600002,4
CA1600017,4
CA1600023,4
CA1600249,4
CA1600293,2
CA1600507,4
CA1610001,4
CA1610002,4
CA1610003,4
CA1610004,4
CA1610005,4
CA1610006,4
CA1610007,4
CA1610009,4
CA1610700,4
CA1700502,3
CA1700518,2
CA1700519,3
CA1700527,3
CA1700536,2
CA1700546,2
CA1700549,2
CA1700554,3
CA1700561,4
CA1700568,3
CA1700589,4
CA1700592,3
CA1700595,3
CA1700596,2
CA1700606,2
CA1700610,1
CA1700630,1
CA1700650,1
CA1700674,3
CA1700676,1
CA1700677,1
CA1700702,1
CA1700715,1
CA1700730,1
CA1700733,1
CA1710001,1
CA1710002,4
CA1710003,3
CA1710005,4
CA1710006,2
CA1710007,2
CA1710008,2
CA1710010,2
CA1710011,1
CA1710012,2
CA1710013,1
CA1710015,2
CA1710016,1
CA1710018,3
CA1710021,4
CA1710022,4
CA1800202,1
CA1800503,3
CA1800511,1
CA1800512,2
CA1800529,1
CA1800534,2
CA1800573,2
CA1800576,1
CA1800577,1
CA1800585,1
CA1805004,4
CA1805007,4
CA1810001,1
CA1810002,2
CA1810003,1
CA1810004,3
CA1810700,2
CA1810801,2
CA1900007,3
CA1900038,4
CA1900046,4
CA1900055,4
CA1900062,4
CA1900074,3
CA1900075,4
CA1900100,4
CA1900102,4
CA1900130,4
CA1900145,3
CA1900146,4
CA1900154,4
CA1900155,4
CA1900158,3
CA1900301,4
CA1900303,4
CA1900520,4
CA1900523,4
CA1900529,4
CA1900537,4
CA1900541,4
CA1900542,4
CA1900555,4
CA1900563,4
CA1900599,4
CA1900616,4
CA1900636,4
CA1900649,4
CA1900693,4
CA1900717,4
CA1900721,4
CA1900741,4
CA1900767,4
CA1900785,3
CA1900794,4
CA1900801,4
CA1900803,4
CA1900804,4
CA1900808,3
CA1900809,4
CA1900817,4
CA1900843,4
CA1900849,4
CA1900868,4
CA1900901,4
CA1900903,4
CA1900907,4
CA1900913,4
CA1900936,4
CA1900942,3
CA1900961,3
CA1900975,4
CA1900976,4
CA1907014,4
CA1907028,4
CA1909006,4
CA1910001,4
CA1910002,3
CA1910003,4
CA1910004,4
CA1910005,4
CA1910006,3
CA1910007,4
CA1910009,4
CA1910010,4
CA1910011,4
CA1910012,3
CA1910013,3
CA1910018,4
CA1910019,4
CA1910020,4
CA1910021,4
CA1910022,4
CA1910023,4
CA1910024,4
CA1910025,4
CA1910026,4
CA1910027,4
CA1910028,3
CA1910029,4
CA1910030,4
CA1910033,4
CA1910034,4
CA1910035,4
CA1910036,4
CA1910038,3
CA1910039,4
CA1910040,3
CA1910042,4
CA1910043,4
CA1910044,4
CA1910046,4
CA1910047,4
CA1910049,4
CA1910050,4
CA1910051,4
CA1910052,4
CA1910053,4
CA1910054,3
CA1910056,4
CA1910059,4
CA1910060,4
CA1910061,2
CA1910062,4
CA1910063,4
CA1910064,4
CA1910065,4
CA1910066,4
CA1910067,4
CA1910070,4
CA1910072,4
CA1910073,4
CA1910075,4
CA1910077,4
CA1910079,4
CA1910081,3
CA1910083,3
CA1910084,4
CA1910085,4
CA1910086,3
CA1910090,4
CA1910091,3
CA1910092,4
CA1910097,4
CA1910098,4
CA1910099,4
CA1910101,4
CA1910102,4
CA1910103,2
CA1910104,4
CA1910105,4
CA1910108,4
CA1910117,4
CA1910124,3
CA1910125,4
CA1910126,4
CA1910127,4
CA1910130,4
CA1910134,4
CA1910137,4
CA1910138,4
CA1910139,4
CA1910140,2
CA1910142,3
CA1910143,1
CA1910144,4
CA1910146,4
CA1910147,4
CA1910148,4
CA1910149,4
CA1910152,4
CA1910153,4
CA1910154,2
CA1910155,4
CA1910156,4
CA1910157,3
CA1910158,3
CA1910159,4
CA1910160,4
CA1910161,4
CA1910163,4
CA1910165,4
CA1910166,4
CA1910167,4
CA1910169,3
CA1910173,4
CA1910174,4
CA1910179,4
CA1910185,4
CA1910186,4
CA1910189,4
CA1910191,3
CA1910194,4
CA1910195,4
CA1910200,4
CA1910203,4
CA1910204,4
CA1910205,4
CA1910211,4
CA1910212,4
CA1910213,3
CA1910218,4
CA1910223,4
CA1910225,4
CA1910234,3
CA1910238,4
CA1910239,4
CA1910240,4
CA1910241,4
CA1910242,4
CA1910243,4
CA1910244,3
CA1910245,4
CA1910246,4
CA1910248,4
CA1910249,4
CA1910254,4
CA1910801,3
CA2000293,1
CA2000501,3
CA2000502,4
CA2000506,1
CA2000509,4
CA2000511,2
CA2000512,2
CA2000521,3
CA2000524,3
CA2000526,1
CA2000527,4
CA2000529,4
CA2000530,4
CA2000533,4
CA2000534,4
CA2000538,4
CA2000544,4
CA2000549,2
CA2000550,1
CA2000551,1
CA2000552,1
CA2000553,2
CA2000554,2
CA2000557,1
CA2000561,1
CA2000573,4
CA2000589,4
CA2000592,2
CA2000593,4
CA2000595,4
CA2000605,4
CA2000608,4
CA2000612,4
CA2000688,4
CA2000690,1
CA2000692,2
CA2000724,2
CA2000727,2
CA2000728,2
CA2000729,4
CA2000737,1
CA2000757,1
CA2000775,4
CA2000800,4
CA2000828,4
CA2000832,4
CA2000849,1
CA2000851,1
CA2000865,1
CA2000866,4
CA2010001,3
CA2010002,4
CA2010003,3
CA2010004,4
CA2010005,4
CA2010006,4
CA2010007,4
CA2010008,4
CA2010009,4
CA2010010,4
CA2010011,4
CA2010012,4
CA2010013,4
CA2010014,4
CA2010015,4
CA2010016,4
CA2010017,4
CA2010800,4
CA2010801,4
CA2100508,4
CA2100519,2
CA2100527,3
CA2100538,2
CA2100545,3
CA2100549,2
CA2100560,2
CA2100565,1
CA2100566,3
CA2100579,1
CA2100582,1
CA2100584,3
CA2110001,1
CA2110002,3
CA2110003,3
CA2110004,2
CA2110005,2
CA2110006,3
CA2110007,4
CA2110008,1
CA2110304,3
CA2110350,2
CA2110502,1
CA2210001,4
CA2210002,4
CA2210003,4
CA2210503,4
CA2210510,4
CA2210515,4
CA2210851,4
CA2210900,4
CA2210901,4
CA2210903,4
CA2210905,4
CA2210906,4
CA2210907,4
CA2210909,4
CA2210910,4
CA2210918,3
CA2210921,4
CA2210924,4
CA2210925,4
CA2210926,4
CA2300502,2
CA2300506,4
CA2300507,2
CA2300514,2
CA2300519,1
CA2300545,3
CA2300584,4
CA2300590,3
CA2300591,2
CA2300596,4
CA2300604,4
CA2300605,2
CA2300606,2
CA2300609,4
CA2300610,4
CA2300634,3
CA2300644,2
CA2300646,4
CA2300663,2
CA2300667,4
CA2300668,4
CA2300705,3
CA2300708,2
CA2300717,1
CA2300730,4
CA2300731,3
CA2300735,3
CA2300743,3
CA2300802,2
CA2300804,2
CA2300829,2
CA2300830,2
CA2300832,4
CA2300838,4
CA2300846,4
CA2300852,4
CA2300863,4
CA2300871,1
CA2300879,4
CA2300892,4
CA2300901,4
CA2300902,1
CA2300906,3
CA2310001,2
CA2310002,4
CA2310003,2
CA2310004,4
CA2310005,2
CA2310006,2
CA2310007,4
CA2310008,1
CA2310009,3
CA2310010,3
CA2310011,3
CA2310012,1
CA2310013,2
CA2310800,1
CA2400011,4
CA2400013,4
CA2400046,4
CA2400053,4
CA2400055,4
CA2400057,2
CA2400062,4
CA2400064,4
CA2400065,4
CA2400066,4
CA2400071,4
CA2400075,4
CA2400078,4
CA2400079,4
CA2400084,4
CA2400085,1
CA2400091,4
CA2400097,4
CA2400099,4
CA2400113,4
CA2400122,4
CA2400128,4
CA2400134,4
CA2400139,4
CA2400148,4
CA2400154,4
CA2400162,4
CA2400165,4
CA2400166,4
CA2400167,4
CA2400169,4
CA2400170,4
CA2400172,4
CA2400200,4
CA2400201,4
CA2400208,1
CA2400209,4
CA2400211,4
CA2400216,4
CA2400218,4
CA2400219,3
CA2400223,4
CA2400226,4
CA2400231,4
CA2400232,4
CA2400248,4
CA2400255,4
CA2400326,2
CA2400329,4
CA2400330,4
CA2400332,4
CA2400334,4
CA2400335,4
CA2400336,4
CA2400338,1
CA2400339,4
CA2400341,1
CA2400342,4
CA2400343,4
CA2410001,4
CA2410002,4
CA2410003,4
CA2410004,4
CA2410005,4
CA2410006,4
CA2410007,4
CA2410008,4
CA2410009,4
CA2410010,4
CA2410011,3
CA2410012,4
CA2410018,4
CA2410021,4
CA2410700,4
CA2500503,1
CA2500547,4
CA2500911,1
CA2510002,1
CA2510800,2
CA2600501,4
CA2600532,4
CA2600538,1
CA2600546,3
CA2600547,4
CA2600620,4
CA2600621,4
CA2600622,3
CA2600624,4
CA2600699,4
CA2600714,3
CA2600733,3
CA2610001,4
CA2610002,4
CA2610003,4
CA2610004,4
CA2610005,4
CA2610700,4
CA2610701,4
CA2700503,4
CA2700509,4
CA2700511,4
CA2700518,4
CA2700522,4
CA2700523,4
CA2700534,4
CA2700535,4
CA2700541,4
CA2700547,4
CA2700548,4
CA2700558,4
CA2700577,4
CA2700579,4
CA2700586,4
CA2700589,4
CA2700592,3
CA2700594,4
CA2700606,4
CA2700612,4
CA2700622,4
CA2700624,1
CA2700629,3
CA2700634,4
CA2700638,4
CA2700662,3
CA2700663,4
CA2700665,4
CA2700669,4
CA2700674,4
CA2700678,4
CA2700682,4
CA2700686,4
CA2700687,4
CA2700691,4
CA2700702,4
CA2700703,4
CA2700705,4
CA2700709,4
CA2700713,4
CA2700728,4
CA2700731,4
CA2700733,4
CA2700738,4
CA2700740,4
CA2700766,4
CA2700771,4
CA2700772,4
CA2700773,4
CA2700775,4
CA2700787,4
CA2700792,4
CA2700799,4
CA2700837,3
CA2700838,4
CA2700842,4
CA2700853,2
CA2700875,4
CA2700964,4
CA2700970,4
CA2700998,4
CA2701034,2
CA2701040,3
CA2701046,4
CA2701063,1
CA2701068,3
CA2701151,4
CA2701153,4
CA2701172,4
CA2701187,4
CA2701202,4
CA2701214,4
CA2701221,4
CA2701231,4
CA2701241,4
CA2701254,4
CA2701257,4
CA2701263,4
CA2701278,4
CA2701279,4
CA2701280,4
CA2701295,4
CA2701297,3
CA2701310,1
CA2701355,4
CA2701364,4
CA2701367,4
CA2701403,4
CA2701423,4
CA2701452,4
CA2701498,4
CA2701503,4
CA2701515,4
CA2701550,4
CA2701553,4
CA2701570,4
CA2701589,3
CA2701633,4
CA2701647,4
CA2701658,2
CA2701659,4
CA2701670,4
CA2701676,4
CA2701683,4
CA2701687,3
CA2701701,3
CA2701705,4
CA2701726,4
CA2701731,4
CA2701740,4
CA2701742,4
CA2701789,4
CA2701800,4
CA2701820,3
CA2701822,4
CA2701837,4
CA2701876,4
CA2701888,4
CA2701897,4
CA2701898,4
CA2701904,4
CA2701906,4
CA2701918,4
CA2701926,4
CA2701931,4
CA2701935,4
CA2701940,4
CA2701946,4
CA2701956,4
CA2701959,4
CA2702003,4
CA2702004,4
CA2702007,4
CA2702009,4
CA2702026,4
CA2702030,4
CA2702050,4
CA2702055,4
CA2702073,4
CA2702094,4
CA2702110,4
CA2702135,4
CA2702140,4
CA2702148,4
CA2702163,4
CA2702165,1
CA2702172,4
CA2702180,4
CA2702198,4
CA2702256,4
CA2702259,4
CA2702268,4
CA2702293,4
CA2702296,3
CA2702299,4
CA2702315,4
CA2702320,4
CA2702323,3
CA2702325,4
CA2702327,4
CA2702328,4
CA2702336,4
CA2702368,4
CA2702374,4
CA2702388,4
CA2702405,4
CA2702409,4
CA2702412,4
CA2702431,4
CA2702439,4
CA2702456,4
CA2702466,3
CA2702482,2
CA2702487,3
CA2702490,4
CA2702495,2
CA2702496,3
CA2702520,4
CA2702521,4
CA2702539,4
CA2702550,4
CA2702554,4
CA2702571,4
CA2702584,4
CA2702588,4
CA2702607,2
CA2702608,4
CA2702609,1
CA2702613,4
CA2702615,4
CA2702620,4
CA2702641,1
CA2702816,4
CA2703132,3
CA2704520,3
CA2710001,4
CA2710004,4
CA2710005,4
CA2710006,4
CA2710007,4
CA2710008,4
CA2710009,4
CA2710010,4
CA2710011,4
CA2710012,4
CA2710013,4
CA2710016,4
CA2710017,4
CA2710018,4
CA2710019,4
CA2710020,4
CA2710021,4
CA2710022,4
CA2710023,4
CA2710300,4
CA2710702,4
CA2710705,4
CA2710850,4
CA2710851,4
CA2800023,2
CA2800035,4
CA2800039,4
CA2800040,4
CA2800516,4
CA2800521,1
CA2800526,4
CA2800527,4
CA2800528,4
CA2800530,2
CA2800532,4
CA2800543,4
CA2800625,2
CA2801016,3
CA2801080,4
CA2810001,3
CA2810002,1
CA2810004,2
CA2810005,1
CA2810007,2
CA2810012,2
CA2810013,3
CA2810302,1
CA2900502,2
CA2900530,2
CA2900531,1
CA2900562,1
CA2910001,3
CA2910002,2
CA2910003,1
CA2910004,2
CA2910006,2
CA2910010,1
CA2910011,4
CA2910013,3
CA2910014,2
CA2910016,2
CA2910023,2
CA3000519,4
CA3000585,4
CA3000618,4
CA3000734,4
CA3000825,3
CA3000980,4
CA3010001,4
CA3010002,4
CA3010003,4
CA3010004,4
CA3010008,4
CA3010010,4
CA3010017,4
CA3010018,4
CA3010022,4
CA3010023,4
CA3010027,4
CA3010030,4
CA3010035,4
CA3010036,3
CA3010037,4
CA3010038,4
CA3010041,4
CA3010042,4
CA3010046,4
CA3010047,4
CA3010053,4
CA3010062,4
CA3010064,3
CA3010068,4
CA3010069,4
CA3010073,4
CA3010079,4
CA3010082,4
CA3010092,4
CA3010094,3
CA3010097,4
CA3010100,4
CA3010101,4
CA3100014,1
CA3100029,2
CA3100038,1
CA3100041,1
CA3100528,1
CA3103310,1
CA3103836,2
CA3107339,2
CA3110001,1
CA3110003,1
CA3110004,2
CA3110005,4
CA3110006,4
CA3110008,4
CA3110010,2
CA3110011,3
CA3110012,1
CA3110013,2
CA3110015,1
CA3110017,3
CA3110018,1
CA3110019,1
CA3110020,2
CA3110022,3
CA3110023,1
CA3110024,4
CA3110025,3
CA3110026,3
CA3110029,1
CA3110031,1
CA3110034,1
CA3110035,1
CA3110036,3
CA3110040,4
CA3110041,4
CA3110042,1
CA3110043,2
CA3110044,2
CA3110047,1
CA3110048,3
CA3110049,1
CA3110050,4
CA3110124,4
CA3110150,4
CA3200102,2
CA3200104,2
CA3200107,2
CA3200114,3
CA3200127,2
CA3200134,1
CA3200510,2
CA3205001,4
CA3205003,2
CA3205006,1
CA3210001,2
CA3210003,2
CA3210004,2
CA3210005,2
CA3210006,3
CA3210010,2
CA3210011,1
CA3301011,1
CA3301018,4
CA3301028,4
CA3301031,2
CA3301040,3
CA3301045,2
CA3301055,4
CA3301107,4
CA3301114,3
CA3301115,4
CA3301169,3
CA3301171,4
CA3301180,3
CA3301209,4
CA3301226,4
CA3301267,4
CA3301280,2
CA3301283,4
CA3301294,4
CA3301330,2
CA3301355,4
CA3301381,4
CA3301428,2
CA3301482,4
CA3301491,3
CA3301502,3
CA3301511,4
CA3301512,3
CA3301528,4
CA3301529,1
CA3301534,4
CA3301535,2
CA3301541,4
CA3301577,3
CA3301588,4
CA3301630,2
CA3301676,4
CA3301682,3
CA3301717,3
CA3301775,3
CA3301800,4
CA3301863,4
CA3301879,4
CA3301943,3
CA3301990,4
CA3303003,4
CA3303035,4
CA3310001,4
CA3310002,3
CA3310003,2
CA3310004,4
CA3310005,4
CA3310006,4
CA3310007,4
CA3310008,4
CA3310009,4
CA3310012,4
CA3310016,4
CA3310017,3
CA3310018,3
CA3310019,1
CA3310020,4
CA3310021,4
CA3310022,4
CA3310025,4
CA3310026,4
CA3310028,4
CA3310030,2
CA3310031,4
CA3310032,3
CA3310033,4
CA3310036,4
CA3310037,4
CA3310038,4
CA3310040,4
CA3310044,4
CA3310046,4
CA3310047,4
CA3310048,4
CA3310049,4
CA3310051,4
CA3310052,4
CA3310074,4
CA3310076,4
CA3310078,4
CA3310080,4
CA3310081,4
CA3310800,4
CA3310801,3
CA3310802,4
CA3400101,4
CA3400106,4
CA3400107,4
CA3400128,2
CA3400135,1
CA3400139,4
CA3400149,2
CA3400156,4
CA3400173,4
CA3400180,4
CA3400229,4
CA3400232,3
CA3400331,3
CA3400342,4
CA3400364,4
CA3400433,1
CA3400473,4
CA3410001,4
CA3410002,4
CA3410003,4
CA3410004,3
CA3410005,2
CA3410006,1
CA3410007,3
CA3410008,3
CA3410009,2
CA3410010,4
CA3410011,2
CA3410012,4
CA3410013,4
CA3410014,3
CA3410015,4
CA3410017,4
CA3410018,3
CA3410020,3
CA3410021,3
CA3410022,2
CA3410023,4
CA3410026,3
CA3410027,4
CA3410029,4
CA3410030,3
CA3410031,4
CA3410032,4
CA3410033,3
CA3410045,4
CA3410047,4
CA3410704,4
CA3500006,4
CA3500505,4
CA3500509,4
CA3500510,4
CA3500511,4
CA3500521,4
CA3500527,4
CA3500549,4
CA3500550,4
CA3500552,4
CA3500556,4
CA3500562,4
CA3500570,1
CA3500571,4
CA3500575,4
CA3500576,4
CA3500578,4
CA3500579,4
CA3500581,4
CA3500801,3
CA3500810,4
CA3500823,4
CA3500825,4
CA3500830,4
CA3500836,4
CA3500900,4
CA3500904,4
CA3500905,4
CA3500910,4
CA3500911,4
CA3500912,4
CA3500913,4
CA3500925,4
CA3510001,4
CA3510002,4
CA3510003,4
CA3510004,3
CA3510006,4
CA3600008,3
CA3600009,3
CA3600010,4
CA3600012,4
CA3600022,2
CA3600025,3
CA3600031,3
CA3600064,4
CA3600070,1
CA3600086,4
CA3600087,4
CA3600088,4
CA3600089,1
CA3600094,1
CA3600107,3
CA3600108,3
CA3600114,3
CA3600123,4
CA3600139,3
CA3600152,4
CA3600155,4
CA3600156,4
CA3600157,3
CA3600158,1
CA3600166,2
CA3600172,3
CA3600180,4
CA3600184,3
CA3600185,2
CA3600187,2
CA3600196,3
CA3600209,1
CA3600215,3
CA3600220,3
CA3600222,4
CA3600226,3
CA3600258,3
CA3600260,3
CA3600262,4
CA3600270,4
CA3600279,4
CA3600283,4
CA3600301,4
CA3600306,4
CA3600308,3
CA3600345,2
CA3600372,1
CA3600382,4
CA3600383,4
CA3600385,3
CA3600386,4
CA3600395,4
CA3600397,2
CA3600399,3
CA3600400,4
CA3600446,3
CA3600504,4
CA3600785,4
CA3601010,4
CA3601015,4
CA3601036,4
CA3601045,4
CA3601048,2
CA3601085,4
CA3601182,3
CA3610001,4
CA3610002,4
CA3610003,4
CA3610004,4
CA3610005,4
CA3610008,4
CA3610009,4
CA3610011,3
CA3610012,4
CA3610013,4
CA3610014,3
CA3610015,3
CA3610016,3
CA3610018,4
CA3610021,3
CA3610022,4
CA3610023,4
CA3610024,4
CA3610025,4
CA3610026,4
CA3610028,4
CA3610029,4
CA3610030,4
CA3610031,4
CA3610032,4
CA3610033,4
CA3610034,4
CA3610036,4
CA3610037,3
CA3610038,4
CA3610039,4
CA3610041,4
CA3610043,4
CA3610044,4
CA3610045,4
CA3610046,4
CA3610047,4
CA3610048,4
CA3610049,3
CA3610050,4
CA3610051,4
CA3610052,4
CA3610053,4
CA3610055,4
CA3610057,4
CA3610060,4
CA3610062,4
CA3610063,4
CA3610064,4
CA3610073,4
CA3610082,4
CA3610085,4
CA3610093,4
CA3610105,4
CA3610107,4
CA3610108,4
CA3610109,4
CA3610110,4
CA3610112,4
CA3610114,4
CA3610117,3
CA3610118,4
CA3610120,4
CA3610121,4
CA3610125,4
CA3610701,4
CA3610702,4
CA3610703,3
CA3610705,4
CA3610800,4
CA3610801,4
CA3610850,4
CA3610851,4
CA3610854,4
CA3700041,4
CA3700071,4
CA3700073,2
CA3700074,4
CA3700174,4
CA3700291,1
CA3700422,3
CA3700859,4
CA3700866,3
CA3700897,2
CA3700900,4
CA3700905,3
CA3700906,2
CA3700909,2
CA3700918,3
CA3700919,4
CA3700922,4
CA3700923,4
CA3700924,4
CA3700933,2
CA3700934,4
CA3700936,4
CA3700937,4
CA3700938,4
CA3700958,2
CA3700962,3
CA3700968,4
CA3701010,4
CA3701184,4
CA3701341,3
CA3701408,4
CA3701476,1
CA3701747,2
CA3701780,3
CA3701793,2
CA3701837,2
CA3701934,3
CA3701961,4
CA3701982,1
CA3701988,2
CA3701995,2
CA3702104,1
CA3702236,4
CA3702338,3
CA3702354,4
CA3710001,4
CA3710002,4
CA3710004,4
CA3710005,4
CA3710006,4
CA3710008,4
CA3710009,4
CA3710010,4
CA3710011,4
CA3710012,3
CA3710013,2
CA3710014,4
CA3710015,4
CA3710016,4
CA3710018,2
CA3710019,4
CA3710020,4
CA3710021,4
CA3710023,2
CA3710025,4
CA3710026,4
CA3710027,4
CA3710029,4
CA3710034,4
CA3710036,4
CA3710037,4
CA3710039,3
CA3710041,4
CA3710044,2
CA3710047,4
CA3710700,4
CA3710702,4
CA3710707,4
CA3710750,4
CA3710800,4
CA3710802,4
CA3810003,4
CA3810010,3
CA3810011,4
CA3810700,3
CA3810702,4
CA3900504,1
CA3900505,3
CA3900512,1
CA3900517,1
CA3900523,1
CA3900543,1
CA3900558,1
CA3900559,1
CA3900561,4
CA3900563,1
CA3900568,4
CA3900569,3
CA3900579,1
CA3900586,1
CA3900596,1
CA3900602,3
CA3900606,4
CA3900607,4
CA3900624,4
CA3900637,1
CA3900649,1
CA3900653,1
CA3900661,4
CA3900664,2
CA3900682,4
CA3900702,1
CA3900705,4
CA3900714,1
CA3900720,1
CA3900722,1
CA3900724,1
CA3900732,1
CA3900755,4
CA3900762,4
CA3900805,2
CA3900813,4
CA3900835,4
CA3900837,1
CA3900842,4
CA3900844,1
CA3900907,4
CA3900921,2
CA3900927,1
CA3900964,4
CA3900983,4
CA3900991,2
CA3901031,4
CA3901074,4
CA3901075,1
CA3901081,2
CA3901092,1
CA3901113,1
CA3901114,4
CA3901159,1
CA3901172,1
CA3901213,4
CA3901215,4
CA3901216,1
CA3901217,4
CA3901248,1
CA3901276,1
CA3901303,1
CA3901304,2
CA3901322,1
CA3901337,1
CA3901348,1
CA3901474,3
CA3910001,4
CA3910002,1
CA3910003,4
CA3910004,4
CA3910005,4
CA3910007,4
CA3910008,4
CA3910009,1
CA3910010,1
CA3910011,4
CA3910012,4
CA3910014,1
CA3910015,2
CA3910017,1
CA3910018,4
CA3910019,3
CA3910020,4
CA3910022,3
CA3910023,2
CA3910024,1
CA3910027,2
CA3910701,3
CA3910803,3
CA4000202,4
CA4000203,4
CA4000213,4
CA4000214,1
CA4000222,4
CA4000226,4
CA4000230,3
CA4000501,2
CA4000506,2
CA4000507,2
CA4000523,3
CA4000554,4
CA4000568,4
CA4000637,3
CA4000648,1
CA4000649,4
CA4000650,4
CA4000653,3
CA4000654,4
CA4000670,4
CA4000675,4
CA4000678,4
CA4000693,4
CA4000716,2
CA4000732,4
CA4000741,3
CA4000744,4
CA4000749,4
CA4000765,4
CA4000771,4
CA4000774,4
CA4000775,4
CA4000789,4
CA4000802,4
CA4000803,4
CA4000805,4
CA4000808,4
CA4000815,4
CA4000834,3
CA4000837,3
CA4000839,2
CA4000844,2
CA4010001,3
CA4010002,4
CA4010003,3
CA4010004,3
CA4010005,4
CA4010006,4
CA4010007,4
CA4010008,4
CA4010009,4
CA4010010,3
CA4010011,4
CA4010012,3
CA4010014,4
CA4010015,4
CA4010016,4
CA4010017,4
CA4010018,4
CA4010019,4
CA4010023,4
CA4010024,4
CA4010025,4
CA4010026,4
CA4010027,4
CA4010028,4
CA4010040,4
CA4010081,4
CA4010830,3
CA4010832,3
CA4010901,4
CA4100503,3
CA4100509,4
CA4100512,3
CA4100513,1
CA4100522,4
CA4100529,4
CA4100536,2
CA4100538,4
CA4100551,2
CA4100555,4
CA4100582,4
CA4100583,4
CA4100603,2
CA4100605,4
CA4110001,4
CA4110002,4
CA4110003,4
CA4110005,4
CA4110006,4
CA4110007,4
CA4110008,4
CA4110009,4
CA4110010,4
CA4110011,4
CA4110012,1
CA4110013,4
CA4110016,1
CA4110017,4
CA4110018,3
CA4110019,3
CA4110020,4
CA4110021,4
CA4110022,3
CA4110023,4
CA4110024,2
CA4110025,4
CA4110027,4
CA4200505,4
CA4200531,4
CA4200556,4
CA4200560,4
CA4200572,3
CA4200578,2
CA4200579,4
CA4200580,1
CA4200612,4
CA4200616,2
CA4200618,2
CA4200619,4
CA4200633,3
CA4200678,2
CA4200693,3
CA4200702,4
CA4200703,1
CA4200714,2
CA4200721,4
CA4200731,2
CA4200733,3
CA4200800,4
CA4200802,2
CA4200804,4
CA4200807,2
CA4200814,1
CA4200822,4
CA4200827,3
CA4200837,4
CA4200842,4
CA4200848,4
CA4200851,1
CA4200862,2
CA4200867,4
CA4200870,4
CA4200881,2
CA4200885,4
CA4200891,3
CA4200918,3
CA4200924,4
CA4200961,4
CA4200969,2
CA4210001,2
CA4210002,4
CA4210003,4
CA4210004,4
CA4210005,4
CA4210006,4
CA4210007,3
CA4210009,3
CA4210010,4
CA4210011,4
CA4210013,4
CA4210016,4
CA4210017,4
CA4210018,4
CA4210019,4
CA4210020,3
CA4210021,4
CA4210022,4
CA4210024,4
CA4210700,3
CA4300516,4
CA4300517,4
CA4300520,2
CA4300521,3
CA4300522,2
CA4300525,4
CA4300526,3
CA4300542,4
CA4300543,3
CA4300545,4
CA4300550,4
CA4300551,4
CA4300560,3
CA4300562,3
CA4300567,4
CA4300571,4
CA4300575,4
CA4300577,4
CA4300578,2
CA4300603,4
CA4300605,3
CA4300608,1
CA4300610,2
CA4300611,4
CA4300615,4
CA4300630,1
CA4300637,4
CA4300638,4
CA4300716,2
CA4300721,2
CA4300740,4
CA4300741,1
CA4300760,2
CA4300770,1
CA4300771,3
CA4300779,3
CA4300783,4
CA4300791,4
CA4300792,2
CA4300808,4
CA4300814,3
CA4300816,4
CA4300834,1
CA4300859,1
CA4300909,4
CA4300912,4
CA4300924,4
CA4300929,4
CA4300941,4
CA4300951,3
CA4300957,2
CA4300964,2
CA4300971,3
CA4300976,2
CA4300978,3
CA4300979,4
CA4300986,4
CA4300988,4
CA4300992,4
CA4300993,4
CA4300994,4
CA4300997,4
CA4300999,2
CA4301004,4
CA4301013,2
CA4301014,4
CA4310001,4
CA4310004,3
CA4310005,4
CA4310006,3
CA4310007,3
CA4310009,4
CA4310011,3
CA4310012,4
CA4310013,4
CA4310014,3
CA4310018,3
CA4310019,3
CA4310020,3
CA4310021,4
CA4310022,4
CA4400502,4
CA4400517,1
CA4400526,1
CA4400528,4
CA4400530,4
CA4400558,4
CA4400559,4
CA4400571,4
CA4400572,3
CA4400582,1
CA4400595,4
CA4400598,4
CA4400599,3
CA4400604,4
CA4400605,4
CA4400608,4
CA4400611,4
CA4400613,4
CA4400617,2
CA4400618,4
CA4400621,4
CA4400624,4
CA4400625,4
CA4400631,4
CA4400634,1
CA4400642,4
CA4400645,2
CA4400652,4
CA4400660,4
CA4400664,4
CA4400665,4
CA4400667,1
CA4400684,2
CA4400692,4
CA4400710,2
CA4400723,4
CA4400725,4
CA4400750,4
CA4400751,4
CA4400753,4
CA4400754,4
CA4400755,2
CA4400756,3
CA4400757,4
CA4400758,4
CA4400762,4
CA4400763,4
CA4400764,1
CA4400800,1
CA4400801,4
CA4400850,2
CA4400851,2
CA4400875,4
CA4400904,4
CA4400905,4
CA4410001,4
CA4410002,4
CA4410008,4
CA4410010,4
CA4410011,4
CA4410013,4
CA4410014,4
CA4410016,4
CA4410017,4
CA4410018,3
CA4410800,2
CA4500003,2
CA4500007,3
CA4500008,1
CA4500009,1
CA4500012,1
CA4500013,3
CA4500016,1
CA4500022,3
CA4500023,2
CA4500027,1
CA4500036,2
CA4500054,2
CA4500063,1
CA4500066,1
CA4500072,2
CA4500081,1
CA4500082,2
CA4500089,1
CA4500092,3
CA4500093,1
CA4500094,2
CA4500098,3
CA4500101,1
CA4500102,1
CA4500104,1
CA4500106,1
CA4500107,3
CA4500173,1
CA4500181,1
CA4500193,1
CA4500194,1
CA4500195,1
CA4500200,2
CA4500203,1
CA4500204,2
CA4500219,1
CA4500235,3
CA4500246,1
CA4500247,1
CA4500255,1
CA4500290,1
CA4500303,1
CA4500313,1
CA4500314,1
CA4510002,1
CA4510003,3
CA4510005,2
CA4510006,4
CA4510007,2
CA4510008,2
CA4510009,3
CA4510011,1
CA4510014,1
CA4510015,4
CA4510016,2
CA4510800,4
CA4600009,2
CA4600012,3
CA4600019,1
CA4600056,1
CA4610002,2
CA4700513,1
CA4700521,3
CA4700528,3
CA4700541,3
CA4700549,2
CA4700551,1
CA4700573,4
CA4700582,3
CA4700591,3
CA4700630,1
CA4700638,1
CA4700686,3
CA4700803,1
CA4700880,2
CA4700881,3
CA4710001,2
CA4710003,3
CA4710004,1
CA4710006,1
CA4710008,3
CA4710009,3
CA4710010,2
CA4710011,3
CA4710012,2
CA4710013,1
CA4710800,3
CA4800531,4
CA4800561,4
CA4800564,3
CA4800589,4
CA4800753,4
CA4800804,3
CA4810001,4
CA4810002,4
CA4810003,4
CA4810004,2
CA4810005,4
CA4810007,4
CA4810008,4
CA4810009,4
CA4810010,4
CA4810011,4
CA4810012,4
CA4810013,4
CA4810019,4
CA4810021,4
CA4810024,3
CA4810025,4
CA4810026,4
CA4810701,4
CA4810800,3
CA4810801,3
CA4900508,3
CA4900510,3
CA4900512,4
CA4900513,4
CA4900514,4
CA4900521,2
CA4900532,4
CA4900533,1
CA4900536,4
CA4900543,4
CA4900545,2
CA4900546,4
CA4900547,1
CA4900549,4
CA4900552,1
CA4900553,2
CA4900558,4
CA4900559,3
CA4900560,4
CA4900561,2
CA4900562,1
CA4900568,1
CA4900570,4
CA4900573,3
CA4900575,2
CA4900577,3
CA4900578,4
CA4900582,1
CA4900584,2
CA4900585,4
CA4900587,1
CA4900588,1
CA4900599,1
CA4900605,3
CA4900608,4
CA4900611,4
CA4900612,4
CA4900620,2
CA4900630,3
CA4900634,4
CA4900637,3
CA4900639,1
CA4900640,3
CA4900641,4
CA4900644,3
CA4900646,2
CA4900647,4
CA4900653,1
CA4900660,2
CA4900665,1
CA4900667,1
CA4900669,2
CA4900673,2
CA4900674,1
CA4900675,2
CA4900679,1
CA4900693,4
CA4900694,1
CA4900695,3
CA4900699,2
CA4900703,3
CA4900704,2
CA4900705,3
CA4900707,4
CA4900708,3
CA4900710,4
CA4900711,3
CA4900714,1
CA4900716,1
CA4900719,1
CA4900721,4
CA4900728,3
CA4900736,1
CA4900739,1
CA4900785,4
CA4900789,3
CA4900793,1
CA4900794,1
CA4900795,3
CA4900796,3
CA4900797,3
CA4900798,3
CA4900832,2
CA4900843,1
CA4900844,4
CA4900846,1
CA4900847,2
CA4900850,1
CA4900859,3
CA4900871,2
CA4900875,4
CA4900878,1
CA4900893,4
CA4900897,4
CA4900901,1
CA4900904,3
CA4900905,1
CA4900907,3
CA4900909,4
CA4900913,1
CA4900925,4
CA4900935,4
CA4900945,1
CA4900957,4
CA4900999,3
CA4901004,1
CA4901008,1
CA4901018,4
CA4901028,4
CA4901030,1
CA4901062,1
CA4901066,1
CA4901068,4
CA4901071,1
CA4901080,2
CA4901084,2
CA4901107,1
CA4901118,1
CA4901119,2
CA4901129,1
CA4901130,2
CA4901143,1
CA4901144,1
CA4901147,3
CA4901152,4
CA4901156,3
CA4901161,4
CA4901162,3
CA4901168,1
CA4901179,3
CA4901201,3
CA4901202,4
CA4901203,4
CA4901204,1
CA4901212,4
CA4901214,1
CA4901215,2
CA4901218,1
CA4901221,2
CA4901225,1
CA4901227,1
CA4901232,3
CA4901236,4
CA4901244,1
CA4901246,3
CA4901248,4
CA4901250,3
CA4901252,4
CA4901254,2
CA4901255,3
CA4901257,4
CA4901258,3
CA4901259,4
CA4901262,4
CA4901264,1
CA4901266,3
CA4901267,4
CA4901273,1
CA4901277,4
CA4901278,3
CA4901282,3
CA4901290,1
CA4901297,1
CA4901309,3
CA4901310,1
CA4901314,2
CA4901324,1
CA4901330,1
CA4901341,1
CA4901345,1
CA4901346,1
CA4901355,1
CA4901362,1
CA4901365,3
CA4901366,1
CA4901368,4
CA4901370,2
CA4901374,4
CA4901381,3
CA4901382,4
CA4901390,4
CA4901436,3
CA4901445,3
CA4901454,1
CA4910002,2
CA4910003,1
CA4910004,4
CA4910005,1
CA4910006,3
CA4910007,2
CA4910008,4
CA4910009,3
CA4910010,4
CA4910011,4
CA4910012,3
CA4910013,3
CA4910014,2
CA4910016,2
CA4910017,3
CA4910018,4
CA4910019,2
CA4910021,2
CA4910022,1
CA4910023,4
CA4910024,4
CA4910025,2
CA4910026,4
CA4910027,2
CA4910028,4
CA4910029,4
CA4910701,3
CA5000008,4
CA5000010,4
CA5000013,4
CA5000014,4
CA5000015,4
CA5000017,3
CA5000019,4
CA5000033,4
CA5000048,4
CA5000049,4
CA5000058,4
CA5000060,3
CA5000061,3
CA5000067,2
CA5000071,4
CA5000072,4
CA5000080,4
CA5000082,3
CA5000090,4
CA5000095,4
CA5000101,3
CA5000109,2
CA5000117,2
CA5000132,4
CA5000133,4
CA5000134,3
CA5000141,3
CA5000154,4
CA5000179,3
CA5000202,4
CA5000211,4
CA5000218,4
CA5000237,3
CA5000249,4
CA5000255,4
CA5000263,4
CA5000273,4
CA5000277,4
CA5000286,4
CA5000295,3
CA5000297,4
CA5000313,3
CA5000317,4
CA5000372,3
CA5000389,4
CA5000408,2
CA5000411,4
CA5000427,2
CA5000433,4
CA5000443,1
CA5000447,3
CA5000454,4
CA5000465,3
CA5000470,4
CA5000473,1
CA5000478,4
CA5000481,4
CA5000482,1
CA5000494,3
CA5000499,4
CA5000517,4
CA5000525,2
CA5000527,4
CA5000529,4
CA5000530,4
CA5000535,4
CA5000538,3
CA5000548,1
CA5000552,4
CA5000555,4
CA5000563,4
CA5000565,4
CA5000568,4
CA5000573,4
CA5000574,2
CA5000577,2
CA5000579,4
CA5000580,1
CA5000581,4
CA5000584,3
CA5000590,4
CA5000592,4
CA5000593,4
CA5000595,3
CA5000596,4
CA5010005,3
CA5010006,3
CA5010007,2
CA5010008,2
CA5010009,3
CA5010010,3
CA5010013,4
CA5010014,3
CA5010017,2
CA5010018,2
CA5010019,4
CA5010021,4
CA5010023,3
CA5010026,4
CA5010028,4
CA5010029,3
CA5010031,3
CA5010033,3
CA5010034,3
CA5010035,3
CA5010039,4
CA5010042,4
CA5010044,3
CA5100107,4
CA5100112,4
CA5100125,3
CA5101009,4
CA5102025,4
CA5103335,3
CA5105004,3
CA5110001,3
CA5110002,3
CA5110007,3
CA5200010,1
CA5200255,1
CA5200503,2
CA5200504,3
CA5200531,1
CA5200534,1
CA5200547,3
CA5200559,3
CA5200562,1
CA5200570,1
CA5200574,4
CA5200588,2
CA5200657,1
CA5210001,4
CA5210002,2
CA5210003,3
CA5210004,4
CA5210005,3
CA5210503,2
CA5301002,3
CA5301008,1
CA5301012,2
CA5301102,2
CA5301201,1
CA5303002,3
CA5304102,1
CA5304105,1
CA5304109,3
CA5304501,1
CA5305103,2
CA5310001,3
CA5310002,2
CA5310003,1
CA5310800,3
CA5400504,4
CA5400505,2
CA5400506,4
CA5400519,4
CA5400526,4
CA5400529,4
CA5400536,4
CA5400537,4
CA5400538,4
CA5400542,3
CA5400544,4
CA5400548,1
CA5400550,4
CA5400553,4
CA5400556,4
CA5400558,4
CA5400567,4
CA5400602,4
CA5400604,4
CA5400616,3
CA5400620,3
CA5400624,4
CA5400631,4
CA5400641,4
CA5400647,3
CA5400660,4
CA5400665,4
CA5400666,4
CA5400670,4
CA5400682,4
CA5400708,3
CA5400709,4
CA5400710,4
CA5400711,4
CA5400718,4
CA5400728,4
CA5400732,4
CA5400747,1
CA5400754,3
CA5400767,4
CA5400769,4
CA5400792,4
CA5400795,4
CA5400797,3
CA5400805,4
CA5400810,4
CA5400816,4
CA5400819,4
CA5400824,4
CA5400846,3
CA5400875,4
CA5400880,4
CA5400881,4
CA5400884,4
CA5400886,4
CA5400903,4
CA5400919,4
CA5400928,1
CA5400929,2
CA5400934,4
CA5400935,4
CA5400940,4
CA5400964,4
CA5400968,4
CA5400994,4
CA5401003,3
CA5401006,3
CA5401026,4
CA5401039,3
CA5401074,3
CA5401082,2
CA5402008,3
CA5402027,3
CA5402036,4
CA5402038,4
CA5402041,3
CA5402046,4
CA5402047,4
CA5402048,4
CA5403007,4
CA5403022,4
CA5403023,4
CA5403041,4
CA5403042,4
CA5403043,4
CA5403046,3
CA5403048,4
CA5403050,4
CA5403051,1
CA5403074,4
CA5403083,4
CA5403084,4
CA5403106,4
CA5403110,3
CA5403113,4
CA5403114,4
CA5403118,4
CA5403119,2
CA5403121,4
CA5403126,3
CA5403130,4
CA5403132,4
CA5403138,4
CA5403144,3
CA5403154,4
CA5403204,4
CA5403208,4
CA5403211,4
CA5403212,4
CA5403213,4
CA5403215,4
CA5403217,4
CA5410001,4
CA5410002,3
CA5410003,4
CA5410004,4
CA5410006,4
CA5410007,3
CA5410008,4
CA5410009,4
CA5410010,2
CA5410011,4
CA5410012,4
CA5410014,4
CA5410015,4
CA5410016,4
CA5410017,4
CA5410019,3
CA5410020,4
CA5410021,3
CA5410022,4
CA5410024,3
CA5410025,4
CA5410026,3
CA5410034,4
CA5410036,4
CA5410038,4
CA5410039,4
CA5410041,4
CA5410048,4
CA5410050,4
CA5410503,4
CA5410513,4
CA5410800,4
CA5410801,4
CA5500016,4
CA5500019,2
CA5500031,1
CA5500040,4
CA5500041,4
CA5500042,4
CA5500048,4
CA5500053,4
CA5500057,4
CA5500060,4
CA5500064,4
CA5500071,4
CA5500074,4
CA5500077,4
CA5500080,4
CA5500086,4
CA5500089,4
CA5500092,4
CA5500096,4
CA5500104,4
CA5500115,4
CA5500116,3
CA5500119,4
CA5500120,4
CA5500124,4
CA5500125,3
CA5500128,4
CA5500148,4
CA5500149,4
CA5500168,4
CA5500171,4
CA5500193,4
CA5500242,4
CA5500243,4
CA5500274,1
CA5500353,4
CA5500360,4
CA5500363,4
CA5500369,4
CA5510001,4
CA5510002,4
CA5510003,4
CA5510004,4
CA5510005,4
CA5510006,4
CA5510007,4
CA5510008,4
CA5510009,4
CA5510011,4
CA5510012,4
CA5510013,4
CA5510016,4
CA5510021,4
CA5510023,4
CA5510024,4
CA5510026,4
CA5510028,4
CA5510503,4
CA5510851,4
CA5510852,4
CA5601104,3
CA5601105,3
CA5601106,3
CA5601110,3
CA5601116,3
CA5601117,3
CA5601119,2
CA5601120,3
CA5601122,3
CA5601125,4
CA5601134,2
CA5601137,3
CA5601141,2
CA5601144,4
CA5601201,3
CA5601401,3
CA5602101,2
CA5602103,3
CA5602104,3
CA5602108,3
CA5602109,2
CA5602110,3
CA5602111,4
CA5602115,3
CA5602117,3
CA5602120,4
CA5602130,3
CA5602132,3
CA5602140,4
CA5602406,4
CA5602408,4
CA5603123,3
CA5603301,3
CA5610001,2
CA5610002,3
CA5610003,4
CA5610005,4
CA5610006,3
CA5610007,4
CA5610008,3
CA5610009,4
CA5610010,4
CA5610011,4
CA5610014,4
CA5610015,4
CA5610016,4
CA5610017,4
CA5610018,4
CA5610019,4
CA5610020,3
CA5610021,3
CA5610022,4
CA5610023,4
CA5610024,4
CA5610029,3
CA5610035,3
CA5610039,2
CA5610040,4
CA5610043,4
CA5610056,2
CA5610058,4
CA5610059,4
CA5610063,4
CA5610068,3
CA5610069,4
CA5610080,3
CA5610081,4
CA5610700,3
CA5610701,3
CA5610702,3
CA5700510,1
CA5700554,4
CA5700555,3
CA5700571,2
CA5700615,3
CA5700623,4
CA5700643,4
CA5700700,4
CA5700707,4
CA5700712,4
CA5700788,4
CA5700797,1
CA5710001,4
CA5710003,2
CA5710004,3
CA5710005,2
CA5710006,4
CA5710007,3
CA5710009,3
CA5710011,3
CA5800803,1
CA5800828,2
CA5800832,2
CA5800863,2
CA5800924,2
CA5805001,4
CA5810001,4
CA5810002,3
CA5810003,4
CA5810004,3
CA5810005,2
CA5810006,2
CA5810700,4
