id,n_ccr_downloaded,n_ccr_missing
CA0110010,4,0
CA0110650,4,0
CA0110701,4,0
CA0205425,1,3
CA0300073,4,0
CA0400065,2,2
CA0400158,3,1
CA0409177,3,1
CA0409187,1,3
CA0409188,1,3
CA0409194,3,1
CA0409197,4,0
CA0500039,3,1
CA0500053,4,0
CA0710010,4,0
CA0710011,4,0
CA0900649,4,0
CA0900659,4,0
CA0900660,3,1
CA1000643,4,0
CA1000645,4,0
CA1000663,3,1
CA1100101,3,1
CA1100104,2,2
CA1100232,2,2
CA1100440,2,2
CA1100448,1,3
CA1100527,2,2
CA1105003,3,1
CA1105005,3,1
CA1105006,2,2
CA1110800,4,0
CA1206016,3,1
CA1300642,4,0
CA1300653,2,2
CA1300676,3,1
CA1300679,2,2
CA1300685,2,2
CA1300693,1,3
CA1310016,3,1
CA1310019,3,1
CA1500517,4,0
CA1502221,4,0
CA1502229,4,0
CA1502231,4,0
CA1502561,4,0
CA1502580,4,0
CA1502581,4,0
CA1502615,3,1
CA1502691,4,0
CA1502697,4,0
CA1502759,4,0
CA1502763,4,0
CA1502771,4,0
CA1502820,4,0
CA1503104,4,0
CA1503194,4,0
CA1503209,4,0
CA1503275,4,0
CA1503330,4,0
CA1503336,3,1
CA1503374,4,0
CA1503440,4,0
CA1503521,4,0
CA1503543,4,0
CA1503642,4,0
CA1503652,1,3
CA1503653,4,0
CA1503663,4,0
CA1503666,4,0
CA1503671,4,0
CA1503681,4,0
CA1503686,4,0
CA1504000,4,0
CA1504001,4,0
CA1504003,4,0
CA1504005,4,0
CA1504006,4,0
CA1504007,4,0
CA1504008,4,0
CA1510040,4,0
CA1510053,4,0
CA1600009,4,0
CA1600011,4,0
CA1600013,4,0
CA1600015,4,0
CA1600022,4,0
CA1600050,4,0
CA1600303,4,0
CA1600602,4,0
CA1600605,4,0
CA1600609,4,0
CA1900018,4,0
CA1900035,4,0
CA1900040,3,1
CA1900057,3,1
CA1900089,4,0
CA1900679,4,0
CA1900707,3,1
CA1900750,4,0
CA1900751,4,0
CA1900752,4,0
CA1900764,4,0
CA1900886,4,0
CA1900904,4,0
CA1900929,4,0
CA1901000,3,1
CA1907011,4,0
CA1909627,4,0
CA1910032,4,0
CA1910041,4,0
CA1910045,4,0
CA1910128,3,1
CA1910199,3,1
CA1910443,4,0
CA2000202,4,0
CA2000206,4,0
CA2000275,4,0
CA2000352,4,0
CA2000370,4,0
CA2000384,2,2
CA2000507,4,0
CA2000558,4,0
CA2000597,4,0
CA2000598,4,0
CA2000600,2,2
CA2000601,2,2
CA2000602,2,2
CA2000607,4,0
CA2000611,4,0
CA2000616,4,0
CA2000619,3,1
CA2000641,4,0
CA2000655,3,1
CA2000659,3,1
CA2000660,4,0
CA2000672,4,0
CA2000681,3,1
CA2000682,4,0
CA2000695,4,0
CA2000733,2,2
CA2000760,2,2
CA2000794,4,0
CA2000840,3,1
CA2000843,4,0
CA2000844,4,0
CA2000846,4,0
CA2000848,4,0
CA2000855,4,0
CA2000920,4,0
CA2000947,4,0
CA2000951,1,3
CA2000953,4,0
CA2000955,2,2
CA2000956,1,3
CA2000961,4,0
CA2204054,4,0
CA2210908,4,0
CA2210937,4,0
CA2300541,3,1
CA2300617,1,3
CA2300628,1,3
CA2300755,3,1
CA2300764,4,0
CA2300770,4,0
CA2300847,1,3
CA2400051,4,0
CA2400175,4,0
CA2400196,4,0
CA2400206,4,0
CA2400345,4,0
CA2400347,4,0
CA2400348,4,0
CA2410950,4,0
CA2600568,3,1
CA2600570,3,1
CA2700014,4,0
CA2700032,4,0
CA2700101,4,0
CA2700147,4,0
CA2700156,4,0
CA2700552,4,0
CA2700727,3,1
CA2700850,4,0
CA2701152,4,0
CA2701579,4,0
CA2701679,3,1
CA2701912,4,0
CA2701922,4,0
CA2702121,4,0
CA2702202,4,0
CA2702254,1,3
CA2702317,4,0
CA2702322,4,0
CA2702370,4,0
CA2702373,4,0
CA2702452,4,0
CA2702453,4,0
CA2702484,3,1
CA2702519,4,0
CA2702595,4,0
CA2702616,4,0
CA2702643,4,0
CA2702652,3,1
CA2702681,4,0
CA2702704,3,1
CA2702708,4,0
CA2702812,4,0
CA2702830,3,1
CA2704623,4,0
CA2706552,4,0
CA2708852,4,0
CA2800012,4,0
CA2800015,4,0
CA2800020,4,0
CA2800024,3,1
CA2800027,4,0
CA2800034,4,0
CA2800041,4,0
CA2800043,1,3
CA2800047,4,0
CA2800059,2,2
CA2800112,4,0
CA2800129,1,3
CA2800299,4,0
CA2800301,1,3
CA2800536,4,0
CA2800556,3,1
CA2800561,4,0
CA2800562,4,0
CA2800580,1,3
CA2800588,2,2
CA2800609,1,3
CA2800648,4,0
CA2800736,2,2
CA2800741,4,0
CA2800840,4,0
CA2800848,1,3
CA2800970,1,3
CA2801002,1,3
CA2801004,1,3
CA2801006,2,2
CA2801008,4,0
CA2801011,4,0
CA2801012,4,0
CA2801015,4,0
CA2801024,3,1
CA2801026,4,0
CA2801027,4,0
CA2801028,3,1
CA2801029,4,0
CA2801031,3,1
CA2801033,3,1
CA2801035,3,1
CA2801036,2,2
CA2801037,4,0
CA2801038,4,0
CA2801041,4,0
CA2801046,4,0
CA2801047,4,0
CA2801049,3,1
CA2801055,3,1
CA2801056,4,0
CA2801057,3,1
CA2801070,1,3
CA2801075,1,3
CA2801076,3,1
CA2801084,2,2
CA2801086,1,3
CA2801088,1,3
CA2803907,4,0
CA2803912,2,2
CA2900507,1,3
CA2900508,1,3
CA2900535,2,2
CA2900536,1,3
CA2900587,1,3
CA2900593,1,3
CA2900618,1,3
CA2900626,1,3
CA2901208,1,3
CA2904011,2,2
CA3000759,3,1
CA3000819,3,1
CA3010071,4,0
CA3010093,1,3
CA3010120,3,1
CA3100083,1,3
CA3100105,1,3
CA3103294,1,3
CA3104508,3,1
CA3105779,3,1
CA3106937,1,3
CA3107084,1,3
CA3107322,1,3
CA3107329,1,3
CA3200048,4,0
CA3200141,1,3
CA3200166,2,2
CA3301133,3,1
CA3301147,4,0
CA3301164,4,0
CA3301176,4,0
CA3301238,4,0
CA3301305,4,0
CA3301308,3,1
CA3301309,3,1
CA3301373,4,0
CA3301385,3,1
CA3301388,4,0
CA3301494,4,0
CA3301622,3,1
CA3301935,4,0
CA3301939,4,0
CA3301961,3,1
CA3301979,4,0
CA3303026,3,1
CA3303071,4,0
CA3303072,3,1
CA3303092,4,0
CA3303112,4,0
CA3310084,4,0
CA3400248,1,3
CA3400250,1,3
CA3400251,1,3
CA3400253,1,3
CA3400254,1,3
CA3400273,2,2
CA3400278,1,3
CA3400434,2,2
CA3400453,1,3
CA3400454,1,3
CA3400475,2,2
CA3410802,2,2
CA3500563,4,0
CA3500804,4,0
CA3500805,4,0
CA3500917,4,0
CA3500919,4,0
CA3500926,2,2
CA3500927,4,0
CA3500928,3,1
CA3510009,4,0
CA3600036,3,1
CA3600106,1,3
CA3600141,4,0
CA3600154,3,1
CA3600192,4,0
CA3600193,3,1
CA3600393,2,2
CA3600432,3,1
CA3600478,3,1
CA3600585,2,2
CA3600597,2,2
CA3600707,1,3
CA3600790,4,0
CA3600797,4,0
CA3601013,4,0
CA3601057,3,1
CA3601061,4,0
CA3601062,4,0
CA3601064,3,1
CA3601082,2,2
CA3601095,3,1
CA3601106,4,0
CA3601122,1,3
CA3601130,4,0
CA3601133,4,0
CA3601135,3,1
CA3601145,4,0
CA3601150,3,1
CA3601155,4,0
CA3601159,2,2
CA3601179,4,0
CA3601181,3,1
CA3601184,4,0
CA3601185,3,1
CA3610006,3,1
CA3610019,3,1
CA3610075,4,0
CA3610086,4,0
CA3610129,3,1
CA3610130,4,0
CA3610708,4,0
CA3700018,3,1
CA3700117,3,1
CA3700118,3,1
CA3700880,2,2
CA3700912,2,2
CA3700953,2,2
CA3700963,3,1
CA3701005,2,2
CA3701909,2,2
CA3702283,4,0
CA3702364,3,1
CA3705073,3,1
CA3710042,1,3
CA3710048,3,1
CA3710049,4,0
CA3710051,4,0
CA3710052,4,0
CA3710053,4,0
CA3810001,4,0
CA3900511,4,0
CA3900581,4,0
CA3900742,3,1
CA3900748,2,2
CA3900756,2,2
CA3900757,2,2
CA3900796,1,3
CA3900815,3,1
CA3900825,4,0
CA3900846,4,0
CA3900848,4,0
CA3900849,4,0
CA3900850,4,0
CA3900978,2,2
CA3900993,4,0
CA3901014,3,1
CA3901032,3,1
CA3901082,3,1
CA3901085,4,0
CA3901090,3,1
CA3901107,3,1
CA3901163,4,0
CA3901167,2,2
CA3901176,3,1
CA3901179,4,0
CA3901181,2,2
CA3901194,3,1
CA3901197,3,1
CA3901209,4,0
CA3901245,1,3
CA3901278,2,2
CA3901285,1,3
CA3901290,3,1
CA3901305,4,0
CA3901309,4,0
CA3901312,2,2
CA3901315,4,0
CA3901318,4,0
CA3901319,4,0
CA3901320,4,0
CA3901323,4,0
CA3901331,3,1
CA3901336,4,0
CA3901338,4,0
CA3901343,4,0
CA3901345,3,1
CA3901350,3,1
CA3901368,4,0
CA3901369,4,0
CA3901373,2,2
CA3901377,4,0
CA3901378,4,0
CA3901382,2,2
CA3901387,2,2
CA3901390,4,0
CA3901392,2,2
CA3901394,3,1
CA3901400,4,0
CA3901404,4,0
CA3901407,3,1
CA3901409,4,0
CA3901414,4,0
CA3901417,3,1
CA3901418,4,0
CA3901421,4,0
CA3901423,4,0
CA3901425,4,0
CA3901429,1,3
CA3901442,3,1
CA3901456,1,3
CA3901461,3,1
CA3901463,4,0
CA3901473,4,0
CA3901477,4,0
CA3901480,1,3
CA3901481,4,0
CA3902136,2,2
CA3902172,1,3
CA3902180,2,2
CA3902181,4,0
CA3902184,2,2
CA3902189,4,0
CA3902211,3,1
CA3902215,2,2
CA3910025,4,0
CA4000205,4,0
CA4000208,4,0
CA4000209,3,1
CA4000211,3,1
CA4000221,4,0
CA4000224,2,2
CA4000555,2,2
CA4000589,3,1
CA4000604,4,0
CA4000620,4,0
CA4000689,2,2
CA4000692,4,0
CA4000722,4,0
CA4000725,3,1
CA4000730,4,0
CA4000734,3,1
CA4000753,3,1
CA4000766,1,3
CA4000768,1,3
CA4000770,4,0
CA4000778,4,0
CA4000781,1,3
CA4000800,4,0
CA4000806,1,3
CA4000817,4,0
CA4000819,4,0
CA4000825,4,0
CA4000835,1,3
CA4000843,1,3
CA4000846,1,3
CA4000852,1,3
CA4010022,4,0
CA4010030,1,3
CA4010080,4,0
CA4010300,3,1
CA4200630,2,2
CA4200634,3,1
CA4200639,4,0
CA4200666,4,0
CA4200691,3,1
CA4200718,4,0
CA4200725,3,1
CA4200743,3,1
CA4200747,4,0
CA4200832,3,1
CA4200833,3,1
CA4200854,4,0
CA4200866,4,0
CA4200907,2,2
CA4200930,4,0
CA4200943,3,1
CA4200947,4,0
CA4200962,4,0
CA4200963,4,0
CA4200974,4,0
CA4200977,3,1
CA4210030,3,1
CA4400543,4,0
CA4500011,1,3
CA4500035,3,1
CA4500037,4,0
CA4500041,1,3
CA4500113,1,3
CA4500149,4,0
CA4500160,1,3
CA4500161,1,3
CA4500163,1,3
CA4500170,4,0
CA4500180,1,3
CA4500183,1,3
CA4500190,1,3
CA4500191,1,3
CA4500208,1,3
CA4500213,1,3
CA4500214,1,3
CA4500216,1,3
CA4500230,1,3
CA4500277,3,1
CA4500315,3,1
CA4500322,1,3
CA4500328,1,3
CA4500337,1,3
CA4500341,1,3
CA4500344,1,3
CA4800595,4,0
CA4800596,4,0
CA4800615,4,0
CA4800727,4,0
CA4800767,4,0
CA4800801,4,0
CA4800826,4,0
CA4810020,4,0
CA4810030,4,0
CA4810033,4,0
CA4810038,3,1
CA4810040,4,0
CA4810043,3,1
CA5000189,4,0
CA5000440,4,0
CA5000599,4,0
CA5000600,4,0
CA5010040,1,3
CA5100136,3,1
CA5100138,4,0
CA5100140,2,2
CA5100141,4,0
CA5100142,4,0
CA5100143,2,2
CA5100153,4,0
CA5100172,4,0
CA5102009,2,2
CA5102032,4,0
CA5103015,3,1
CA5105011,4,0
CA5105013,3,1
CA5105014,3,1
CA5200006,1,3
CA5200511,2,2
CA5200513,2,2
CA5200524,4,0
CA5200529,1,3
CA5200541,2,2
CA5200626,1,3
CA5200655,2,2
CA5200802,1,3
CA5201057,1,3
CA5205006,3,1
CA5205007,1,3
CA5205009,1,3
CA5210800,4,0
CA5210801,3,1
CA5400541,4,0
CA5400704,3,1
CA5400713,4,0
CA5400714,4,0
CA5400838,3,1
CA5400850,3,1
CA5400882,4,0
CA5400887,4,0
CA5400969,4,0
CA5400972,4,0
CA5401033,4,0
CA5402013,4,0
CA5402050,4,0
CA5403031,3,1
CA5403032,4,0
CA5403055,4,0
CA5403080,4,0
CA5403081,4,0
CA5403127,4,0
CA5403131,3,1
CA5403139,4,0
CA5403140,4,0
CA5403141,4,0
CA5403145,3,1
CA5403146,4,0
CA5403148,4,0
CA5403152,4,0
CA5403205,4,0
CA5500221,3,1
CA5500259,4,0
CA5601135,3,1
CA5601139,3,1
CA5601405,3,1
CA5601721,3,1
CA5602133,1,3
CA5602302,3,1
CA5602403,4,0
CA5602407,3,1
CA5602513,4,0
CA5602514,4,0
CA5602516,4,0
CA5602656,4,0
CA5603116,3,1
CA5603117,4,0
CA5603118,3,1
CA5603122,3,1
CA5610046,4,0
CA5610050,3,1
CA5700508,2,2
CA5700509,1,3
CA5700514,4,0
CA5700523,2,2
CA5700537,4,0
CA5700539,3,1
CA5700542,4,0
CA5700552,3,1
CA5700617,4,0
CA5700652,4,0
CA5700702,2,2
CA5700714,2,2
CA5700730,4,0
CA5700748,4,0
CA5700754,4,0
CA5700758,1,3
CA5700761,4,0
CA5700764,4,0
CA5700773,3,1
CA5700778,2,2
CA5700784,1,3
CA5700785,4,0
CA5700795,3,1
CA5700798,4,0
CA5700816,1,3
CA5700827,4,0
CA5710013,4,0
CA5800809,1,3
CA5800919,1,3
CA0110018,0,4
CA0300055,0,4
CA0400140,0,4
CA0409189,0,4
CA0500009,0,4
CA0500097,0,4
CA0706050,0,4
CA1000673,0,4
CA1100749,0,4
CA1410002,0,4
CA1410003,0,4
CA1410004,0,4
CA1410510,0,4
CA1504012,0,4
CA1805011,0,4
CA1909648,0,4
CA1910087,0,4
CA2300907,0,4
CA2301010,0,4
CA2400076,0,4
CA2500513,0,4
CA2801007,0,4
CA2801073,0,4
CA2810008,0,4
CA2900330,0,4
CA2900532,0,4
CA2900563,0,4
CA2900578,0,4
CA2900601,0,4
CA3100072,0,4
CA3103291,0,4
CA3107310,0,4
CA3107342,0,4
CA3200111,0,4
CA3205005,0,4
CA3301186,0,4
CA3310075,0,4
CA3310083,0,4
CA3400240,0,4
CA3400267,0,4
CA3400268,0,4
CA3400271,0,4
CA3400358,0,4
CA3400394,0,4
CA3400402,0,4
CA3400416,0,4
CA3400425,0,4
CA3400429,0,4
CA3400452,0,4
CA3400456,0,4
CA3510007,0,4
CA3600062,0,4
CA3700044,0,4
CA3710045,0,4
CA3810008,0,4
CA3900798,0,4
CA3901080,0,4
CA3901086,0,4
CA3901258,0,4
CA3901282,0,4
CA3901306,0,4
CA3901354,0,4
CA3901424,0,4
CA3901466,0,4
CA3901486,0,4
CA3902212,0,4
CA3910006,0,4
CA4000216,0,4
CA4000590,0,4
CA4000598,0,4
CA4000623,0,4
CA4000671,0,4
CA4000684,0,4
CA4000752,0,4
CA4000780,0,4
CA4000856,0,4
CA4200879,0,4
CA4200983,0,4
CA4210028,0,4
CA4310027,0,4
CA4500274,0,4
CA4500333,0,4
CA4800820,0,4
CA4810015,0,4
CA4901335,0,4
CA4901471,0,4
CA4901475,0,4
CA4910020,0,4
CA5000603,0,4
CA5010038,0,4
CA5200015,0,4
CA5200506,0,4
CA5200507,0,4
CA5200518,0,4
CA5200519,0,4
CA5200520,0,4
CA5200525,0,4
CA5200540,0,4
CA5200544,0,4
CA5200565,0,4
CA5200809,0,4
CA5201055,0,4
CA5201143,0,4
CA5700768,0,4
CA5700804,0,4
CA5710012,0,4
CA5800006,0,4
CA5800800,0,4
CA5800810,0,4
CA5800840,0,4
CA5800843,0,4
CA5800844,0,4
CA5800845,0,4
CA5800847,0,4
CA5800899,0,4
CA5800909,0,4
CA5800913,0,4
CA5800915,0,4
